n,theta,R,sigma,rep,capacity,actual_types,sum_p,sum_e,algorithm,objective,best_bound,certified,nodes,runtime,incumbent_initial,time_limit,available
50,0.500000,0.800000,3.000000,0,150,50,835,1283,Strengthened CPLEX MILP heuristic-start,12,12.000000,1,0,0.076215,12,600.000000,1
50,0.500000,0.800000,3.000000,1,144,50,896,1458,Strengthened CPLEX MILP heuristic-start,11,11.000000,1,13479,10.815013,11,600.000000,1
50,0.500000,0.800000,3.000000,2,150,49,823,1094,Strengthened CPLEX MILP heuristic-start,4,4.000000,1,0,0.067374,4,600.000000,1
50,0.500000,0.800000,3.000000,3,150,49,911,1251,Strengthened CPLEX MILP heuristic-start,6,6.000000,1,3863,4.509984,7,600.000000,1
50,0.500000,0.800000,3.000000,4,138,49,754,1265,Strengthened CPLEX MILP heuristic-start,14,14.000000,1,0,0.067226,14,600.000000,1
50,0.500000,0.800000,3.000000,5,150,50,594,1391,Strengthened CPLEX MILP heuristic-start,7,7.000000,1,0,0.067689,7,600.000000,1
50,0.500000,0.800000,3.000000,6,150,50,727,1359,Strengthened CPLEX MILP heuristic-start,8,8.000000,1,0,0.068488,8,600.000000,1
50,0.500000,0.800000,3.000000,7,144,49,772,1256,Strengthened CPLEX MILP heuristic-start,10,10.000000,1,0,0.069146,10,600.000000,1
50,0.500000,0.800000,3.000000,8,147,49,776,1291,Strengthened CPLEX MILP heuristic-start,10,10.000000,1,0,0.068646,10,600.000000,1
50,0.500000,0.800000,3.000000,9,147,50,866,1268,Strengthened CPLEX MILP heuristic-start,18,18.000000,1,100021,64.519496,19,600.000000,1
50,0.500000,0.800000,5.000000,0,245,50,936,1165,Strengthened CPLEX MILP heuristic-start,5,5.000000,1,31952,24.477869,6,600.000000,1
50,0.500000,0.800000,5.000000,1,250,49,752,1279,Strengthened CPLEX MILP heuristic-start,8,8.000000,1,0,0.061740,8,600.000000,1
50,0.500000,0.800000,5.000000,2,245,50,722,1225,Strengthened CPLEX MILP heuristic-start,7,7.000000,1,8719,23.539551,8,600.000000,1
50,0.500000,0.800000,5.000000,3,240,49,843,1310,Strengthened CPLEX MILP heuristic-start,6,6.000000,1,0,0.070266,6,600.000000,1
50,0.500000,0.800000,5.000000,4,250,50,863,1130,Strengthened CPLEX MILP heuristic-start,11,11.000000,1,1784,4.245301,11,600.000000,1
50,0.500000,0.800000,5.000000,5,235,50,805,1238,Strengthened CPLEX MILP heuristic-start,7,7.000000,1,26276,84.960182,7,600.000000,1
50,0.500000,0.800000,5.000000,6,250,50,793,1308,Strengthened CPLEX MILP heuristic-start,11,11.000000,1,0,0.076095,11,600.000000,1
50,0.500000,0.800000,5.000000,7,250,50,920,1233,Strengthened CPLEX MILP heuristic-start,8,8.000000,1,0,0.068588,8,600.000000,1
50,0.500000,0.800000,5.000000,8,245,50,800,1332,Strengthened CPLEX MILP heuristic-start,12,12.000000,1,2418,3.782337,12,600.000000,1
50,0.500000,0.800000,5.000000,9,250,49,704,1368,Strengthened CPLEX MILP heuristic-start,8,8.000000,1,0,0.066292,8,600.000000,1
50,0.600000,0.800000,3.000000,0,144,49,798,1448,Strengthened CPLEX MILP heuristic-start,23,23.000000,1,0,0.067940,23,600.000000,1
50,0.600000,0.800000,3.000000,1,147,48,924,1448,Strengthened CPLEX MILP heuristic-start,27,27.000000,1,2129,2.396923,28,600.000000,1
50,0.600000,0.800000,3.000000,2,150,49,844,1311,Strengthened CPLEX MILP heuristic-start,49,49.000000,1,0,0.075545,49,600.000000,1
50,0.600000,0.800000,3.000000,3,147,48,881,1188,Strengthened CPLEX MILP heuristic-start,35,35.000000,1,2734,5.671570,37,600.000000,1
50,0.600000,0.800000,3.000000,4,144,50,883,1223,Strengthened CPLEX MILP heuristic-start,10,10.000000,1,0,0.057155,10,600.000000,1
50,0.600000,0.800000,3.000000,5,147,49,801,1318,Strengthened CPLEX MILP heuristic-start,47,47.000000,1,1055,2.022860,49,600.000000,1
50,0.600000,0.800000,3.000000,6,150,49,833,1062,Strengthened CPLEX MILP heuristic-start,28,28.000000,1,4305,13.664895,30,600.000000,1
50,0.600000,0.800000,3.000000,7,144,49,904,1158,Strengthened CPLEX MILP heuristic-start,19,19.000000,1,11812,22.155441,19,600.000000,1
50,0.600000,0.800000,3.000000,8,144,50,798,1326,Strengthened CPLEX MILP heuristic-start,35,35.000000,1,6701,11.463738,38,600.000000,1
50,0.600000,0.800000,3.000000,9,150,49,747,1205,Strengthened CPLEX MILP heuristic-start,16,16.000000,1,2527,4.726188,17,600.000000,1
50,0.600000,0.800000,5.000000,0,250,50,872,1187,Strengthened CPLEX MILP heuristic-start,24,24.000000,1,1817,4.494437,26,600.000000,1
50,0.600000,0.800000,5.000000,1,230,47,827,1142,Strengthened CPLEX MILP heuristic-start,17,17.000000,1,213289,230.084754,17,600.000000,1
50,0.600000,0.800000,5.000000,2,250,49,868,1352,Strengthened CPLEX MILP heuristic-start,19,19.000000,1,36734,136.170904,20,600.000000,1
50,0.600000,0.800000,5.000000,3,250,49,878,1343,Strengthened CPLEX MILP heuristic-start,20,20.000000,1,18034,26.866429,20,600.000000,1
50,0.600000,0.800000,5.000000,4,250,48,825,1181,Strengthened CPLEX MILP heuristic-start,17,17.000000,1,883,2.234430,17,600.000000,1
50,0.600000,0.800000,5.000000,5,250,50,779,1450,Strengthened CPLEX MILP heuristic-start,17,17.000000,1,1861,3.769581,18,600.000000,1
50,0.600000,0.800000,5.000000,6,250,50,753,1353,Strengthened CPLEX MILP heuristic-start,32,32.000000,1,2190,3.037279,33,600.000000,1
50,0.600000,0.800000,5.000000,7,250,50,765,1280,Strengthened CPLEX MILP heuristic-start,26,26.000000,1,463112,441.516583,27,600.000000,1
50,0.600000,0.800000,5.000000,8,250,48,886,1381,Strengthened CPLEX MILP heuristic-start,34,34.000000,1,1572,4.595735,35,600.000000,1
50,0.600000,0.800000,5.000000,9,250,49,863,1148,Strengthened CPLEX MILP heuristic-start,20,20.000000,1,485,3.884032,20,600.000000,1
100,0.500000,0.800000,3.000000,0,147,96,1697,2758,Strengthened CPLEX MILP heuristic-start,12,12.000000,1,85439,377.062846,13,600.000000,1
100,0.500000,0.800000,3.000000,1,150,98,1509,2626,Strengthened CPLEX MILP heuristic-start,13,13.000000,1,8577,101.667088,13,600.000000,1
100,0.500000,0.800000,3.000000,2,150,98,1471,2515,Strengthened CPLEX MILP heuristic-start,13,13.000000,1,0,0.200116,13,600.000000,1
100,0.500000,0.800000,3.000000,3,150,96,1614,2609,Strengthened CPLEX MILP heuristic-start,11,10.000000,0,156706,600.023824,12,600.000000,1
100,0.500000,0.800000,3.000000,4,147,99,1613,2707,Strengthened CPLEX MILP heuristic-start,18,17.000000,0,53525,600.028852,18,600.000000,1
100,0.500000,0.800000,3.000000,5,150,97,1657,2640,Strengthened CPLEX MILP heuristic-start,13,13.000000,1,0,0.267312,13,600.000000,1
100,0.500000,0.800000,3.000000,6,150,95,1592,2800,Strengthened CPLEX MILP heuristic-start,11,11.000000,1,60485,541.515864,12,600.000000,1
100,0.500000,0.800000,3.000000,7,144,96,1567,2528,Strengthened CPLEX MILP heuristic-start,14,13.000000,0,76947,600.024228,14,600.000000,1
100,0.500000,0.800000,3.000000,8,150,95,1463,2599,Strengthened CPLEX MILP heuristic-start,9,9.000000,1,2090,41.256793,9,600.000000,1
100,0.500000,0.800000,3.000000,9,150,96,1579,2458,Strengthened CPLEX MILP heuristic-start,13,12.000000,0,215253,600.046075,13,600.000000,1
100,0.500000,0.800000,5.000000,0,250,92,1572,2518,Strengthened CPLEX MILP heuristic-start,18,17.000000,0,33988,600.023593,19,600.000000,1
100,0.500000,0.800000,5.000000,1,250,99,1476,2590,Strengthened CPLEX MILP heuristic-start,14,13.000000,0,66814,600.024253,14,600.000000,1
100,0.500000,0.800000,5.000000,2,250,95,1675,2710,Strengthened CPLEX MILP heuristic-start,15,15.000000,1,0,0.211844,15,600.000000,1
100,0.500000,0.800000,5.000000,3,250,93,1451,2857,Strengthened CPLEX MILP heuristic-start,11,11.000000,1,57325,388.774988,12,600.000000,1
100,0.500000,0.800000,5.000000,4,250,97,1731,2663,Strengthened CPLEX MILP heuristic-start,23,23.000000,1,20331,104.508076,24,600.000000,1
100,0.500000,0.800000,5.000000,5,250,95,1612,2505,Strengthened CPLEX MILP heuristic-start,16,16.000000,1,15745,189.418624,19,600.000000,1
100,0.500000,0.800000,5.000000,6,245,96,1689,2726,Strengthened CPLEX MILP heuristic-start,21,21.000000,1,0,0.210221,21,600.000000,1
100,0.500000,0.800000,5.000000,7,250,97,1621,2408,Strengthened CPLEX MILP heuristic-start,10,10.000000,1,29919,118.829196,11,600.000000,1
100,0.500000,0.800000,5.000000,8,250,100,1523,2538,Strengthened CPLEX MILP heuristic-start,15,15.000000,1,0,0.168921,15,600.000000,1
100,0.500000,0.800000,5.000000,9,250,100,1580,2702,Strengthened CPLEX MILP heuristic-start,14,13.000000,0,48560,600.036857,14,600.000000,1
100,0.600000,0.800000,3.000000,0,150,94,1787,2516,Strengthened CPLEX MILP heuristic-start,30,30.000000,1,23318,84.683086,31,600.000000,1
100,0.600000,0.800000,3.000000,1,150,93,1635,2508,Strengthened CPLEX MILP heuristic-start,36,35.000000,0,37179,600.022623,38,600.000000,1
100,0.600000,0.800000,3.000000,2,150,96,1673,2248,Strengthened CPLEX MILP heuristic-start,20,19.000000,0,69573,600.022943,21,600.000000,1
100,0.600000,0.800000,3.000000,3,147,98,1654,2600,Strengthened CPLEX MILP heuristic-start,26,26.000000,1,4617,34.626552,26,600.000000,1
100,0.600000,0.800000,3.000000,4,150,96,1686,2757,Strengthened CPLEX MILP heuristic-start,41,41.000000,1,8583,54.070215,42,600.000000,1
100,0.600000,0.800000,3.000000,5,150,99,1684,2522,Strengthened CPLEX MILP heuristic-start,19,19.000000,1,17365,124.077862,20,600.000000,1
100,0.600000,0.800000,3.000000,6,150,95,1632,2642,Strengthened CPLEX MILP heuristic-start,40,38.000000,0,21684,600.023443,40,600.000000,1
100,0.600000,0.800000,3.000000,7,150,99,1602,2595,Strengthened CPLEX MILP heuristic-start,23,23.000000,1,12955,230.502265,23,600.000000,1
100,0.600000,0.800000,3.000000,8,147,97,1632,2657,Strengthened CPLEX MILP heuristic-start,32,32.000000,1,10105,134.647223,33,600.000000,1
100,0.600000,0.800000,3.000000,9,150,96,1571,2626,Strengthened CPLEX MILP heuristic-start,25,24.000000,0,78382,600.024561,26,600.000000,1
100,0.600000,0.800000,5.000000,1,250,97,1709,2600,Strengthened CPLEX MILP heuristic-start,35,34.000000,0,62336,600.024749,36,600.000000,1
100,0.600000,0.800000,5.000000,2,250,98,1586,2616,Strengthened CPLEX MILP heuristic-start,35,34.000000,0,36846,599.958070,35,600.000000,1
100,0.600000,0.800000,5.000000,3,250,94,1559,2572,Strengthened CPLEX MILP heuristic-start,24,24.000000,1,0,0.185148,24,600.000000,1
100,0.600000,0.800000,5.000000,4,250,96,1524,2534,Strengthened CPLEX MILP heuristic-start,29,27.000000,0,17274,599.958155,30,600.000000,1
100,0.600000,0.800000,5.000000,5,250,95,1666,2874,Strengthened CPLEX MILP heuristic-start,33,32.000000,0,23128,599.958227,33,600.000000,1
100,0.600000,0.800000,5.000000,6,245,96,1681,2739,Strengthened CPLEX MILP heuristic-start,26,26.000000,1,0,0.203333,26,600.000000,1
100,0.600000,0.800000,5.000000,7,250,98,1656,2625,Strengthened CPLEX MILP heuristic-start,41,40.000000,0,13979,599.954379,41,600.000000,1
100,0.600000,0.800000,5.000000,8,250,94,1591,2582,Strengthened CPLEX MILP heuristic-start,49,48.000000,0,22438,599.954186,49,600.000000,1
100,0.600000,0.800000,5.000000,9,250,91,1682,2600,Strengthened CPLEX MILP heuristic-start,33,33.000000,1,10325,139.003837,34,600.000000,1
100,0.600000,0.800000,5.000000,10,250,98,1535,2464,Strengthened CPLEX MILP heuristic-start,25,24.000000,0,24332,600.034176,25,600.000000,1
200,0.500000,0.800000,3.000000,0,150,191,3124,5137,Strengthened CPLEX MILP heuristic-start,31,31.000000,1,0,0.666792,31,600.000000,1
200,0.500000,0.800000,3.000000,1,150,184,3365,5471,Strengthened CPLEX MILP heuristic-start,30,29.000000,0,12847,600.116565,30,600.000000,1
200,0.500000,0.800000,3.000000,2,150,188,3186,5393,Strengthened CPLEX MILP heuristic-start,31,30.000000,0,38792,600.117661,31,600.000000,1
200,0.500000,0.800000,3.000000,3,150,191,3178,5097,Strengthened CPLEX MILP heuristic-start,21,20.000000,0,23099,600.137501,21,600.000000,1
200,0.500000,0.800000,3.000000,4,150,186,3306,5420,Strengthened CPLEX MILP heuristic-start,21,17.000000,0,7655,600.120009,21,600.000000,1
200,0.500000,0.800000,3.000000,5,150,187,3155,4988,Strengthened CPLEX MILP heuristic-start,24,22.000000,0,8754,600.134977,24,600.000000,1
200,0.500000,0.800000,3.000000,6,150,189,3222,5193,Strengthened CPLEX MILP heuristic-start,28,27.000000,0,11303,600.112992,28,600.000000,1
200,0.500000,0.800000,3.000000,7,150,185,3124,4989,Strengthened CPLEX MILP heuristic-start,23,22.000000,0,10526,600.118529,23,600.000000,1
200,0.500000,0.800000,3.000000,8,150,185,3435,4964,Strengthened CPLEX MILP heuristic-start,18,18.000000,1,0,0.860201,18,600.000000,1
200,0.500000,0.800000,3.000000,9,150,189,3190,4924,Strengthened CPLEX MILP heuristic-start,22,21.000000,0,24204,600.124589,22,600.000000,1
200,0.500000,0.800000,5.000000,0,250,185,3279,5143,Strengthened CPLEX MILP heuristic-start,26,24.000000,0,4913,600.112317,26,600.000000,1
200,0.500000,0.800000,5.000000,1,250,184,3119,5626,Strengthened CPLEX MILP heuristic-start,25,25.000000,1,0,0.920282,25,600.000000,1
200,0.500000,0.800000,5.000000,2,250,186,3263,5259,Strengthened CPLEX MILP heuristic-start,24,23.000000,0,11668,600.113465,24,600.000000,1
200,0.500000,0.800000,5.000000,3,250,186,3159,4945,Strengthened CPLEX MILP heuristic-start,41,39.000000,0,6480,600.113803,41,600.000000,1
200,0.500000,0.800000,5.000000,4,250,182,3166,5053,Strengthened CPLEX MILP heuristic-start,27,27.000000,1,0,0.842037,27,600.000000,1
200,0.500000,0.800000,5.000000,5,250,187,3130,5433,Strengthened CPLEX MILP heuristic-start,24,23.000000,0,11144,600.118762,24,600.000000,1
200,0.500000,0.800000,5.000000,6,250,188,3298,5030,Strengthened CPLEX MILP heuristic-start,25,24.000000,0,7258,600.109347,25,600.000000,1
200,0.500000,0.800000,5.000000,7,245,189,3315,5025,Strengthened CPLEX MILP heuristic-start,27,27.000000,1,0,0.895566,27,600.000000,1
200,0.500000,0.800000,5.000000,8,250,187,3312,5113,Strengthened CPLEX MILP heuristic-start,31,30.000000,0,11597,600.137577,31,600.000000,1
200,0.500000,0.800000,5.000000,9,250,196,3216,4895,Strengthened CPLEX MILP heuristic-start,21,20.000000,0,16889,600.147850,21,600.000000,1
200,0.600000,0.800000,3.000000,0,150,186,3313,5260,Strengthened CPLEX MILP heuristic-start,47,47.000000,1,0,0.895157,47,600.000000,1
200,0.600000,0.800000,3.000000,1,150,188,3212,5400,Strengthened CPLEX MILP heuristic-start,70,67.000000,0,22455,600.161273,70,600.000000,1
200,0.600000,0.800000,3.000000,2,150,189,3193,5123,Strengthened CPLEX MILP heuristic-start,59,55.000000,0,17801,600.158832,59,600.000000,1
200,0.600000,0.800000,3.000000,3,150,188,3229,4904,Strengthened CPLEX MILP heuristic-start,52,52.000000,1,0,0.935216,52,600.000000,1
200,0.600000,0.800000,3.000000,4,150,188,3422,5354,Strengthened CPLEX MILP heuristic-start,49,47.000000,0,10428,600.158482,49,600.000000,1
200,0.600000,0.800000,3.000000,5,150,190,3216,5184,Strengthened CPLEX MILP heuristic-start,63,63.000000,1,0,1.025941,63,600.000000,1
200,0.600000,0.800000,3.000000,6,150,190,3017,5117,Strengthened CPLEX MILP heuristic-start,77,76.000000,0,9836,600.351553,77,600.000000,1
200,0.600000,0.800000,3.000000,7,150,186,3089,5116,Strengthened CPLEX MILP heuristic-start,62,57.000000,0,11628,600.128775,62,600.000000,1
200,0.600000,0.800000,3.000000,8,150,188,3193,5134,Strengthened CPLEX MILP heuristic-start,57,56.000000,0,11182,600.153354,58,600.000000,1
200,0.600000,0.800000,3.000000,9,150,189,3139,5407,Strengthened CPLEX MILP heuristic-start,69,68.000000,0,5780,600.124650,69,600.000000,1
200,0.600000,0.800000,5.000000,0,250,189,3318,5243,Strengthened CPLEX MILP heuristic-start,56,55.000000,0,11912,600.092604,57,600.000000,1
200,0.600000,0.800000,5.000000,1,250,188,3200,5228,Strengthened CPLEX MILP heuristic-start,57,57.000000,1,0,0.818539,57,600.000000,1
200,0.600000,0.800000,5.000000,2,250,184,3270,5004,Strengthened CPLEX MILP heuristic-start,69,66.000000,0,8313,600.086711,69,600.000000,1
200,0.600000,0.800000,5.000000,3,250,185,3248,4973,Strengthened CPLEX MILP heuristic-start,71,70.000000,0,6414,600.103031,71,600.000000,1
200,0.600000,0.800000,5.000000,4,250,189,3016,5005,Strengthened CPLEX MILP heuristic-start,55,55.000000,1,605,182.831394,55,600.000000,1
200,0.600000,0.800000,5.000000,5,250,190,3317,5215,Strengthened CPLEX MILP heuristic-start,67,64.000000,0,3727,600.086455,67,600.000000,1
200,0.600000,0.800000,5.000000,6,250,187,3441,5041,Strengthened CPLEX MILP heuristic-start,52,52.000000,1,0,0.974696,52,600.000000,1
200,0.600000,0.800000,5.000000,7,250,192,3157,5134,Strengthened CPLEX MILP heuristic-start,66,62.000000,0,4070,600.206904,66,600.000000,1
200,0.600000,0.800000,5.000000,8,250,188,3145,5378,Strengthened CPLEX MILP heuristic-start,71,68.000000,0,13455,600.116899,71,600.000000,1
200,0.600000,0.800000,5.000000,9,250,183,3464,5366,Strengthened CPLEX MILP heuristic-start,54,52.000000,0,11874,600.130177,54,600.000000,1
