n,theta,R,sigma,rep,capacity,actual_types,sum_p,sum_e,algorithm,objective,best_bound,certified,nodes,runtime,incumbent_initial,time_limit,available,recharges,makespan,total_recharge_time,battery_utilization
100,0.500000,0.400000,2.000000,0,100,94,1576,2692,GRASP-PR heuristic,25,25.000000,1,123530,2.699992,27,30.000000,1,31,4578.000000,3002.000000,0.868387
100,0.500000,0.400000,2.000000,1,100,96,1480,2515,GRASP-PR heuristic,30,30.000000,1,1090,0.033419,31,30.000000,1,29,4285.000000,2805.000000,0.867241
100,0.500000,0.400000,2.000000,2,100,95,1683,2639,GRASP-PR heuristic,37,36.000000,0,684328,15.055921,37,30.000000,1,29,4612.000000,2929.000000,0.910000
100,0.500000,0.400000,2.000000,3,100,97,1639,2733,GRASP-PR heuristic,33,33.000000,1,1090,0.033747,34,30.000000,1,33,4702.000000,3063.000000,0.828182
100,0.500000,0.400000,2.000000,4,98,98,1601,2654,GRASP-PR heuristic,29,29.000000,1,20144,0.449344,30,30.000000,1,31,4565.000000,2964.000000,0.873601
100,0.500000,0.400000,2.000000,5,100,97,1582,2717,GRASP-PR heuristic,32,32.000000,1,0,0.009529,32,30.000000,1,32,4619.000000,3037.000000,0.849063
100,0.500000,0.400000,2.000000,6,100,96,1515,2505,GRASP-PR heuristic,28,28.000000,1,287559,6.262540,29,30.000000,1,29,4310.000000,2795.000000,0.863793
100,0.500000,0.400000,2.000000,7,100,97,1648,2548,GRASP-PR heuristic,31,30.000000,0,686228,15.061922,31,30.000000,1,28,4476.000000,2828.000000,0.910000
100,0.500000,0.400000,2.000000,8,98,96,1657,2540,GRASP-PR heuristic,31,31.000000,1,0,0.009067,31,30.000000,1,30,4497.000000,2840.000000,0.863946
100,0.500000,0.400000,2.000000,9,100,98,1475,2435,GRASP-PR heuristic,32,32.000000,1,0,0.008635,32,30.000000,1,28,4190.000000,2715.000000,0.869643
100,0.500000,0.400000,2.000000,10,98,97,1499,2612,GRASP-PR heuristic,30,30.000000,1,51398,1.137454,31,30.000000,1,30,4411.000000,2912.000000,0.888435
100,0.500000,0.400000,2.000000,11,100,95,1637,2454,GRASP-PR heuristic,32,31.000000,0,679784,15.013589,32,30.000000,1,27,4361.000000,2724.000000,0.908889
100,0.500000,0.400000,2.000000,12,98,97,1555,2613,GRASP-PR heuristic,32,30.000000,0,686161,15.009832,32,30.000000,1,30,4468.000000,2913.000000,0.888776
100,0.500000,0.400000,2.000000,13,100,98,1605,2686,GRASP-PR heuristic,30,29.000000,0,688791,15.045219,30,30.000000,1,29,4581.000000,2976.000000,0.926207
100,0.500000,0.400000,2.000000,14,100,96,1529,2675,GRASP-PR heuristic,32,32.000000,1,23327,0.510386,33,30.000000,1,30,4504.000000,2975.000000,0.891667
100,0.500000,0.400000,2.000000,15,100,97,1657,2436,GRASP-PR heuristic,34,34.000000,1,0,0.008802,34,30.000000,1,30,4393.000000,2736.000000,0.812000
100,0.500000,0.400000,2.000000,16,100,94,1506,2635,GRASP-PR heuristic,29,29.000000,1,1090,0.032602,30,30.000000,1,30,4441.000000,2935.000000,0.878333
100,0.500000,0.400000,2.000000,17,100,98,1718,2800,GRASP-PR heuristic,30,30.000000,1,0,0.009801,30,30.000000,1,32,4838.000000,3120.000000,0.875000
100,0.500000,0.400000,2.000000,19,100,94,1553,2768,GRASP-PR heuristic,30,30.000000,1,0,0.009679,30,30.000000,1,33,4651.000000,3098.000000,0.838788
100,0.500000,0.400000,2.000000,20,100,96,1605,2797,GRASP-PR heuristic,32,32.000000,1,0,0.009808,32,30.000000,1,33,4732.000000,3127.000000,0.847576
100,0.500000,0.400000,2.500000,0,125,94,1576,2692,GRASP-PR heuristic,25,24.000000,0,679863,15.060500,25,30.000000,1,23,4498.000000,2922.000000,0.936348
100,0.500000,0.400000,2.500000,1,125,96,1480,2515,GRASP-PR heuristic,29,29.000000,1,1090,0.032922,30,30.000000,1,23,4225.000000,2745.000000,0.874783
100,0.500000,0.400000,2.500000,2,125,95,1683,2639,GRASP-PR heuristic,35,35.000000,1,1090,0.034232,36,30.000000,1,25,4572.000000,2889.000000,0.844480
100,0.500000,0.400000,2.500000,3,125,97,1639,2733,GRASP-PR heuristic,32,32.000000,1,1090,0.033564,33,30.000000,1,25,4622.000000,2983.000000,0.874560
100,0.500000,0.400000,2.500000,4,123,98,1601,2654,GRASP-PR heuristic,29,28.000000,0,663016,15.011940,29,30.000000,1,24,4495.000000,2894.000000,0.899051
100,0.500000,0.400000,2.500000,5,125,97,1582,2717,GRASP-PR heuristic,31,31.000000,1,51195,1.142303,32,30.000000,1,24,4539.000000,2957.000000,0.905667
100,0.500000,0.400000,2.500000,6,125,96,1515,2505,GRASP-PR heuristic,28,28.000000,1,0,0.008902,28,30.000000,1,24,4260.000000,2745.000000,0.835000
100,0.500000,0.400000,2.500000,7,125,97,1648,2548,GRASP-PR heuristic,30,29.000000,0,664850,15.021148,30,30.000000,1,22,4416.000000,2768.000000,0.926545
100,0.500000,0.400000,2.500000,8,123,96,1657,2540,GRASP-PR heuristic,31,30.000000,0,676707,15.076948,31,30.000000,1,22,4417.000000,2760.000000,0.938655
100,0.500000,0.400000,2.500000,9,125,98,1475,2435,GRASP-PR heuristic,31,31.000000,1,0,0.008766,31,30.000000,1,23,4140.000000,2665.000000,0.846957
100,0.500000,0.400000,2.500000,10,123,97,1499,2612,GRASP-PR heuristic,30,30.000000,1,0,0.009153,30,30.000000,1,25,4361.000000,2862.000000,0.849431
100,0.500000,0.400000,2.500000,11,125,95,1637,2454,GRASP-PR heuristic,31,31.000000,1,0,0.008746,31,30.000000,1,24,4331.000000,2694.000000,0.818000
100,0.500000,0.400000,2.500000,12,123,97,1555,2613,GRASP-PR heuristic,30,29.000000,0,658125,15.025619,30,30.000000,1,23,4398.000000,2843.000000,0.923648
100,0.500000,0.400000,2.500000,13,125,98,1605,2686,GRASP-PR heuristic,29,29.000000,1,0,0.009590,29,30.000000,1,27,4561.000000,2956.000000,0.795852
100,0.500000,0.400000,2.500000,14,125,96,1529,2675,GRASP-PR heuristic,32,32.000000,1,0,0.009463,32,30.000000,1,26,4464.000000,2935.000000,0.823077
100,0.500000,0.400000,2.500000,15,125,97,1657,2436,GRASP-PR heuristic,33,33.000000,1,1090,0.033709,34,30.000000,1,22,4313.000000,2656.000000,0.885818
100,0.500000,0.400000,2.500000,16,125,94,1506,2635,GRASP-PR heuristic,29,29.000000,1,0,0.009419,29,30.000000,1,26,4401.000000,2895.000000,0.810769
100,0.500000,0.400000,2.500000,17,125,98,1718,2800,GRASP-PR heuristic,29,29.000000,1,33383,0.745758,30,30.000000,1,27,4788.000000,3070.000000,0.829630
100,0.500000,0.400000,2.500000,19,125,94,1553,2768,GRASP-PR heuristic,29,29.000000,1,0,0.009974,29,30.000000,1,27,4591.000000,3038.000000,0.820148
100,0.500000,0.400000,2.500000,20,125,96,1605,2797,GRASP-PR heuristic,32,31.000000,0,683237,15.092206,32,30.000000,1,25,4652.000000,3047.000000,0.895040
100,0.500000,0.400000,3.000000,0,150,94,1576,2692,GRASP-PR heuristic,24,24.000000,1,0,0.009730,24,30.000000,1,21,4478.000000,2902.000000,0.854603
100,0.500000,0.400000,3.000000,1,150,96,1480,2515,GRASP-PR heuristic,29,28.000000,0,645601,15.043619,29,30.000000,1,18,4175.000000,2695.000000,0.931481
100,0.500000,0.400000,3.000000,2,150,95,1683,2639,GRASP-PR heuristic,34,34.000000,1,508565,12.003248,35,30.000000,1,20,4522.000000,2839.000000,0.879667
100,0.500000,0.400000,3.000000,3,150,97,1639,2733,GRASP-PR heuristic,32,31.000000,0,655326,15.047542,32,30.000000,1,20,4572.000000,2933.000000,0.911000
100,0.500000,0.400000,3.000000,4,147,98,1601,2654,GRASP-PR heuristic,28,28.000000,1,0,0.009807,28,30.000000,1,20,4455.000000,2854.000000,0.902721
100,0.500000,0.400000,3.000000,5,150,97,1582,2717,GRASP-PR heuristic,31,31.000000,1,0,0.009770,31,30.000000,1,22,4519.000000,2937.000000,0.823333
100,0.500000,0.400000,3.000000,6,150,96,1515,2505,GRASP-PR heuristic,27,27.000000,1,93642,2.163593,28,30.000000,1,18,4200.000000,2685.000000,0.927778
100,0.500000,0.400000,3.000000,7,150,97,1648,2548,GRASP-PR heuristic,29,29.000000,1,0,0.009378,29,30.000000,1,20,4396.000000,2748.000000,0.849333
100,0.500000,0.400000,3.000000,8,147,96,1657,2540,GRASP-PR heuristic,30,30.000000,1,0,0.009186,30,30.000000,1,20,4397.000000,2740.000000,0.863946
100,0.500000,0.400000,3.000000,9,150,98,1475,2435,GRASP-PR heuristic,31,31.000000,1,0,0.008971,31,30.000000,1,19,4100.000000,2625.000000,0.854386
100,0.500000,0.400000,3.000000,10,147,97,1499,2612,GRASP-PR heuristic,29,29.000000,1,0,0.009402,29,30.000000,1,21,4321.000000,2822.000000,0.846129
100,0.500000,0.400000,3.000000,11,150,95,1637,2454,GRASP-PR heuristic,31,31.000000,1,0,0.008989,31,30.000000,1,19,4281.000000,2644.000000,0.861053
100,0.500000,0.400000,3.000000,12,147,97,1555,2613,GRASP-PR heuristic,28,28.000000,1,88130,2.083149,29,30.000000,1,21,4378.000000,2823.000000,0.846453
100,0.500000,0.400000,3.000000,13,150,98,1605,2686,GRASP-PR heuristic,28,28.000000,1,1091,0.035329,29,30.000000,1,20,4491.000000,2886.000000,0.895333
100,0.500000,0.400000,3.000000,14,150,96,1529,2675,GRASP-PR heuristic,31,31.000000,1,0,0.009499,31,30.000000,1,21,4414.000000,2885.000000,0.849206
100,0.500000,0.400000,3.000000,15,150,97,1657,2436,GRASP-PR heuristic,33,32.000000,0,623700,15.001942,33,30.000000,1,17,4263.000000,2606.000000,0.955294
100,0.500000,0.400000,3.000000,16,150,94,1506,2635,GRASP-PR heuristic,28,28.000000,1,0,0.009381,28,30.000000,1,21,4351.000000,2845.000000,0.836508
100,0.500000,0.400000,3.000000,17,150,98,1718,2800,GRASP-PR heuristic,29,29.000000,1,0,0.010223,29,30.000000,1,21,4728.000000,3010.000000,0.888889
100,0.500000,0.400000,3.000000,19,150,94,1553,2768,GRASP-PR heuristic,29,29.000000,1,0,0.010181,29,30.000000,1,22,4541.000000,2988.000000,0.838788
100,0.500000,0.400000,3.000000,20,150,96,1605,2797,GRASP-PR heuristic,31,31.000000,1,0,0.009917,31,30.000000,1,22,4622.000000,3017.000000,0.847576
100,0.500000,0.400000,3.500000,0,175,94,1576,2692,GRASP-PR heuristic,24,24.000000,1,0,0.009785,24,30.000000,1,18,4448.000000,2872.000000,0.854603
100,0.500000,0.400000,3.500000,1,175,96,1480,2515,GRASP-PR heuristic,28,28.000000,1,0,0.009206,28,30.000000,1,16,4155.000000,2675.000000,0.898214
100,0.500000,0.400000,3.500000,2,175,95,1683,2639,GRASP-PR heuristic,34,34.000000,1,0,0.009501,34,30.000000,1,18,4502.000000,2819.000000,0.837778
100,0.500000,0.400000,3.500000,3,175,97,1639,2733,GRASP-PR heuristic,31,31.000000,1,0,0.009762,31,30.000000,1,19,4562.000000,2923.000000,0.821955
100,0.500000,0.400000,3.500000,4,172,98,1601,2654,GRASP-PR heuristic,28,27.000000,0,615289,15.043917,28,30.000000,1,16,4415.000000,2814.000000,0.964390
100,0.500000,0.400000,3.500000,5,175,97,1582,2717,GRASP-PR heuristic,31,31.000000,1,0,0.009542,31,30.000000,1,18,4479.000000,2897.000000,0.862540
100,0.500000,0.400000,3.500000,6,175,96,1515,2505,GRASP-PR heuristic,27,27.000000,1,0,0.008917,27,30.000000,1,16,4180.000000,2665.000000,0.894643
100,0.500000,0.400000,3.500000,7,175,97,1648,2548,GRASP-PR heuristic,29,29.000000,1,0,0.008984,29,30.000000,1,17,4366.000000,2718.000000,0.856471
100,0.500000,0.400000,3.500000,8,172,96,1657,2540,GRASP-PR heuristic,30,30.000000,1,0,0.009036,30,30.000000,1,18,4377.000000,2720.000000,0.820413
100,0.500000,0.400000,3.500000,9,175,98,1475,2435,GRASP-PR heuristic,31,31.000000,1,0,0.008668,31,30.000000,1,16,4070.000000,2595.000000,0.869643
100,0.500000,0.400000,3.500000,10,172,97,1499,2612,GRASP-PR heuristic,29,29.000000,1,0,0.009197,29,30.000000,1,17,4281.000000,2782.000000,0.893297
100,0.500000,0.400000,3.500000,11,175,95,1637,2454,GRASP-PR heuristic,30,30.000000,1,0,0.008831,30,30.000000,1,16,4251.000000,2614.000000,0.876429
100,0.500000,0.400000,3.500000,12,172,97,1555,2613,GRASP-PR heuristic,28,28.000000,1,1090,0.036450,29,30.000000,1,18,4348.000000,2793.000000,0.843992
100,0.500000,0.400000,3.500000,13,175,98,1605,2686,GRASP-PR heuristic,28,28.000000,1,0,0.009563,28,30.000000,1,18,4471.000000,2866.000000,0.852698
100,0.500000,0.400000,3.500000,14,175,96,1529,2675,GRASP-PR heuristic,31,31.000000,1,0,0.009322,31,30.000000,1,18,4384.000000,2855.000000,0.849206
100,0.500000,0.400000,3.500000,15,175,97,1657,2436,GRASP-PR heuristic,32,32.000000,1,0,0.008741,32,30.000000,1,16,4253.000000,2596.000000,0.870000
100,0.500000,0.400000,3.500000,16,175,94,1506,2635,GRASP-PR heuristic,28,28.000000,1,0,0.009326,28,30.000000,1,17,4311.000000,2805.000000,0.885714
100,0.500000,0.400000,3.500000,17,175,98,1718,2800,GRASP-PR heuristic,28,28.000000,1,1090,0.035871,29,30.000000,1,18,4698.000000,2980.000000,0.888889
100,0.500000,0.400000,3.500000,19,175,94,1553,2768,GRASP-PR heuristic,28,28.000000,1,9019,0.224195,29,30.000000,1,18,4501.000000,2948.000000,0.878730
100,0.500000,0.400000,3.500000,20,175,96,1605,2797,GRASP-PR heuristic,30,30.000000,1,137003,3.181221,31,30.000000,1,17,4572.000000,2967.000000,0.940168
100,0.500000,0.400000,4.000000,0,200,94,1576,2692,GRASP-PR heuristic,23,23.000000,1,25752,0.655656,24,30.000000,1,15,4418.000000,2842.000000,0.897333
100,0.500000,0.400000,4.000000,1,200,96,1480,2515,GRASP-PR heuristic,28,28.000000,1,0,0.009148,28,30.000000,1,15,4145.000000,2665.000000,0.838333
100,0.500000,0.400000,4.000000,2,200,95,1683,2639,GRASP-PR heuristic,34,33.000000,0,564404,15.017030,34,30.000000,1,15,4472.000000,2789.000000,0.879667
100,0.500000,0.400000,4.000000,3,200,97,1639,2733,GRASP-PR heuristic,31,31.000000,1,0,0.009542,31,30.000000,1,16,4532.000000,2893.000000,0.854062
100,0.500000,0.400000,4.000000,4,196,98,1601,2654,GRASP-PR heuristic,27,27.000000,1,0,0.009512,27,30.000000,1,16,4415.000000,2814.000000,0.846301
100,0.500000,0.400000,4.000000,5,200,97,1582,2717,GRASP-PR heuristic,30,30.000000,1,0,0.009479,30,30.000000,1,15,4449.000000,2867.000000,0.905667
100,0.500000,0.400000,4.000000,6,200,96,1515,2505,GRASP-PR heuristic,27,27.000000,1,0,0.008855,27,30.000000,1,14,4160.000000,2645.000000,0.894643
100,0.500000,0.400000,4.000000,7,200,97,1648,2548,GRASP-PR heuristic,28,28.000000,1,1091,0.036649,29,30.000000,1,14,4336.000000,2688.000000,0.910000
100,0.500000,0.400000,4.000000,8,196,96,1657,2540,GRASP-PR heuristic,30,30.000000,1,0,0.008981,30,30.000000,1,15,4347.000000,2690.000000,0.863946
100,0.500000,0.400000,4.000000,9,200,98,1475,2435,GRASP-PR heuristic,31,31.000000,1,0,0.008635,31,30.000000,1,14,4050.000000,2575.000000,0.869643
100,0.500000,0.400000,4.000000,10,196,97,1499,2612,GRASP-PR heuristic,29,29.000000,1,0,0.009150,29,30.000000,1,15,4261.000000,2762.000000,0.888435
100,0.500000,0.400000,4.000000,11,200,95,1637,2454,GRASP-PR heuristic,30,30.000000,1,0,0.008752,30,30.000000,1,14,4231.000000,2594.000000,0.876429
100,0.500000,0.400000,4.000000,12,196,97,1555,2613,GRASP-PR heuristic,28,28.000000,1,0,0.009166,28,30.000000,1,16,4328.000000,2773.000000,0.833227
100,0.500000,0.400000,4.000000,13,200,98,1605,2686,GRASP-PR heuristic,28,28.000000,1,0,0.009400,28,30.000000,1,16,4451.000000,2846.000000,0.839375
100,0.500000,0.400000,4.000000,14,200,96,1529,2675,GRASP-PR heuristic,30,30.000000,1,1090,0.035569,31,30.000000,1,15,4354.000000,2825.000000,0.891667
100,0.500000,0.400000,4.000000,15,200,97,1657,2436,GRASP-PR heuristic,32,32.000000,1,0,0.008725,32,30.000000,1,15,4243.000000,2586.000000,0.812000
100,0.500000,0.400000,4.000000,16,200,94,1506,2635,GRASP-PR heuristic,28,28.000000,1,0,0.009238,28,30.000000,1,15,4291.000000,2785.000000,0.878333
100,0.500000,0.400000,4.000000,17,200,98,1718,2800,GRASP-PR heuristic,28,28.000000,1,0,0.009756,28,30.000000,1,16,4678.000000,2960.000000,0.875000
100,0.500000,0.400000,4.000000,19,200,94,1553,2768,GRASP-PR heuristic,28,28.000000,1,0,0.009949,28,30.000000,1,17,4491.000000,2938.000000,0.814118
100,0.500000,0.400000,4.000000,20,200,96,1605,2797,GRASP-PR heuristic,30,29.000000,0,620568,15.055855,30,30.000000,1,15,4552.000000,2947.000000,0.932333
100,0.500000,0.400000,4.500000,0,225,94,1576,2692,GRASP-PR heuristic,23,23.000000,1,0,0.009388,23,30.000000,1,14,4408.000000,2832.000000,0.854603
100,0.500000,0.400000,4.500000,1,225,96,1480,2515,GRASP-PR heuristic,28,28.000000,1,0,0.009123,28,30.000000,1,13,4125.000000,2645.000000,0.859829
100,0.500000,0.400000,4.500000,2,225,95,1683,2639,GRASP-PR heuristic,33,33.000000,1,1091,0.039490,34,30.000000,1,14,4462.000000,2779.000000,0.837778
100,0.500000,0.400000,4.500000,3,225,97,1639,2733,GRASP-PR heuristic,31,31.000000,1,0,0.009443,31,30.000000,1,14,4512.000000,2873.000000,0.867619
100,0.500000,0.400000,4.500000,4,221,98,1601,2654,GRASP-PR heuristic,27,27.000000,1,0,0.009393,27,30.000000,1,14,4395.000000,2794.000000,0.857789
100,0.500000,0.400000,4.500000,5,225,97,1582,2717,GRASP-PR heuristic,30,30.000000,1,0,0.009432,30,30.000000,1,14,4439.000000,2857.000000,0.862540
100,0.500000,0.400000,4.500000,6,225,96,1515,2505,GRASP-PR heuristic,27,27.000000,1,0,0.008831,27,30.000000,1,13,4150.000000,2635.000000,0.856410
100,0.500000,0.400000,4.500000,7,225,97,1648,2548,GRASP-PR heuristic,28,28.000000,1,0,0.009048,28,30.000000,1,13,4326.000000,2678.000000,0.871111
100,0.500000,0.400000,4.500000,8,221,96,1657,2540,GRASP-PR heuristic,29,29.000000,1,0,0.008958,29,30.000000,1,13,4327.000000,2670.000000,0.884093
100,0.500000,0.400000,4.500000,9,225,98,1475,2435,GRASP-PR heuristic,30,29.000000,0,540791,15.017212,31,30.000000,1,12,4030.000000,2555.000000,0.901852
100,0.500000,0.400000,4.500000,10,221,97,1499,2612,GRASP-PR heuristic,28,28.000000,1,0,0.009929,28,30.000000,1,13,4241.000000,2742.000000,0.909154
100,0.500000,0.400000,4.500000,11,225,95,1637,2454,GRASP-PR heuristic,30,29.000000,0,537177,15.005795,30,30.000000,1,12,4211.000000,2574.000000,0.908889
100,0.500000,0.400000,4.500000,12,221,97,1555,2613,GRASP-PR heuristic,28,27.000000,0,550505,15.048557,28,30.000000,1,13,4298.000000,2743.000000,0.909502
100,0.500000,0.400000,4.500000,13,225,98,1605,2686,GRASP-PR heuristic,28,28.000000,1,0,0.009531,28,30.000000,1,14,4431.000000,2826.000000,0.852698
100,0.500000,0.400000,4.500000,14,225,96,1529,2675,GRASP-PR heuristic,30,30.000000,1,0,0.009331,30,30.000000,1,13,4334.000000,2805.000000,0.914530
100,0.500000,0.400000,4.500000,15,225,97,1657,2436,GRASP-PR heuristic,32,32.000000,1,0,0.008706,32,30.000000,1,12,4213.000000,2556.000000,0.902222
100,0.500000,0.400000,4.500000,16,225,94,1506,2635,GRASP-PR heuristic,27,27.000000,1,1091,0.037524,28,30.000000,1,13,4271.000000,2765.000000,0.900855
100,0.500000,0.400000,4.500000,17,225,98,1718,2800,GRASP-PR heuristic,28,28.000000,1,0,0.009749,28,30.000000,1,14,4658.000000,2940.000000,0.888889
100,0.500000,0.400000,4.500000,19,225,94,1553,2768,GRASP-PR heuristic,28,28.000000,1,0,0.009696,28,30.000000,1,14,4461.000000,2908.000000,0.878730
100,0.500000,0.400000,4.500000,20,225,96,1605,2797,GRASP-PR heuristic,29,29.000000,1,38016,0.965286,30,30.000000,1,14,4542.000000,2937.000000,0.887937
100,0.500000,0.400000,5.000000,0,250,94,1576,2692,GRASP-PR heuristic,23,23.000000,1,0,0.009507,23,30.000000,1,13,4398.000000,2822.000000,0.828308
100,0.500000,0.400000,5.000000,1,250,96,1480,2515,GRASP-PR heuristic,27,27.000000,1,0,0.009057,27,30.000000,1,11,4105.000000,2625.000000,0.914545
100,0.500000,0.400000,5.000000,2,250,95,1683,2639,GRASP-PR heuristic,33,33.000000,1,0,0.009389,33,30.000000,1,13,4452.000000,2769.000000,0.812000
100,0.500000,0.400000,5.000000,3,250,97,1639,2733,GRASP-PR heuristic,31,30.000000,0,516938,15.043228,31,30.000000,1,12,4492.000000,2853.000000,0.911000
100,0.500000,0.400000,5.000000,4,245,98,1601,2654,GRASP-PR heuristic,27,27.000000,1,0,0.009470,27,30.000000,1,13,4385.000000,2784.000000,0.833281
100,0.500000,0.400000,5.000000,5,250,97,1582,2717,GRASP-PR heuristic,30,30.000000,1,0,0.009430,30,30.000000,1,12,4419.000000,2837.000000,0.905667
100,0.500000,0.400000,5.000000,6,250,96,1515,2505,GRASP-PR heuristic,26,26.000000,1,6366,0.185174,27,30.000000,1,11,4130.000000,2615.000000,0.910909
100,0.500000,0.400000,5.000000,7,250,97,1648,2548,GRASP-PR heuristic,28,28.000000,1,0,0.009053,28,30.000000,1,11,4306.000000,2658.000000,0.926545
100,0.500000,0.400000,5.000000,8,245,96,1657,2540,GRASP-PR heuristic,29,29.000000,1,0,0.008928,29,30.000000,1,12,4317.000000,2660.000000,0.863946
100,0.500000,0.400000,5.000000,9,250,98,1475,2435,GRASP-PR heuristic,30,29.000000,0,500790,15.001090,30,30.000000,1,10,4010.000000,2535.000000,0.974000
100,0.500000,0.400000,5.000000,10,245,97,1499,2612,GRASP-PR heuristic,28,28.000000,1,0,0.009616,28,30.000000,1,13,4241.000000,2742.000000,0.820094
100,0.500000,0.400000,5.000000,11,250,95,1637,2454,GRASP-PR heuristic,29,29.000000,1,263506,7.732137,30,30.000000,1,12,4211.000000,2574.000000,0.818000
100,0.500000,0.400000,5.000000,12,245,97,1555,2613,GRASP-PR heuristic,27,27.000000,1,32568,0.947688,28,30.000000,1,12,4288.000000,2733.000000,0.888776
100,0.500000,0.400000,5.000000,13,250,98,1605,2686,GRASP-PR heuristic,28,28.000000,1,0,0.009760,28,30.000000,1,13,4421.000000,2816.000000,0.826462
100,0.500000,0.400000,5.000000,14,250,96,1529,2675,GRASP-PR heuristic,30,30.000000,1,0,0.009490,30,30.000000,1,13,4334.000000,2805.000000,0.823077
100,0.500000,0.400000,5.000000,15,250,97,1657,2436,GRASP-PR heuristic,32,32.000000,1,0,0.008977,32,30.000000,1,12,4213.000000,2556.000000,0.812000
100,0.500000,0.400000,5.000000,16,250,94,1506,2635,GRASP-PR heuristic,27,27.000000,1,0,0.009488,27,30.000000,1,12,4261.000000,2755.000000,0.878333
100,0.500000,0.400000,5.000000,17,250,98,1718,2800,GRASP-PR heuristic,27,27.000000,1,4430,0.129014,28,30.000000,1,12,4638.000000,2920.000000,0.933333
100,0.500000,0.400000,5.000000,19,250,94,1553,2768,GRASP-PR heuristic,28,28.000000,1,0,0.009545,28,30.000000,1,13,4451.000000,2898.000000,0.851692
100,0.500000,0.400000,5.000000,20,250,96,1605,2797,GRASP-PR heuristic,29,29.000000,1,0,0.009806,29,30.000000,1,14,4542.000000,2937.000000,0.799143
100,0.500000,0.400000,5.500000,0,275,94,1576,2692,GRASP-PR heuristic,23,23.000000,1,0,0.009394,23,30.000000,1,11,4378.000000,2802.000000,0.889917
100,0.500000,0.400000,5.500000,1,275,96,1480,2515,GRASP-PR heuristic,27,27.000000,1,0,0.009159,27,30.000000,1,11,4105.000000,2625.000000,0.831405
100,0.500000,0.400000,5.500000,2,275,95,1683,2639,GRASP-PR heuristic,33,33.000000,1,0,0.009428,33,30.000000,1,13,4452.000000,2769.000000,0.738182
100,0.500000,0.400000,5.500000,3,275,97,1639,2733,GRASP-PR heuristic,30,30.000000,1,1090,0.041405,31,30.000000,1,11,4482.000000,2843.000000,0.903471
100,0.500000,0.400000,5.500000,4,270,98,1601,2654,GRASP-PR heuristic,27,27.000000,1,0,0.009363,27,30.000000,1,11,4365.000000,2764.000000,0.893603
100,0.500000,0.400000,5.500000,5,275,97,1582,2717,GRASP-PR heuristic,30,30.000000,1,0,0.009416,30,30.000000,1,12,4419.000000,2837.000000,0.823333
100,0.500000,0.400000,5.500000,6,275,96,1515,2505,GRASP-PR heuristic,26,26.000000,1,0,0.008820,26,30.000000,1,10,4120.000000,2605.000000,0.910909
100,0.500000,0.400000,5.500000,7,275,97,1648,2548,GRASP-PR heuristic,28,28.000000,1,0,0.008958,28,30.000000,1,11,4306.000000,2658.000000,0.842314
100,0.500000,0.400000,5.500000,8,270,96,1657,2540,GRASP-PR heuristic,29,29.000000,1,0,0.008927,29,30.000000,1,11,4307.000000,2650.000000,0.855219
100,0.500000,0.400000,5.500000,9,275,98,1475,2435,GRASP-PR heuristic,29,29.000000,1,0,0.008621,29,30.000000,1,11,4020.000000,2545.000000,0.804959
100,0.500000,0.400000,5.500000,10,270,97,1499,2612,GRASP-PR heuristic,28,28.000000,1,0,0.009149,28,30.000000,1,11,4221.000000,2722.000000,0.879461
100,0.500000,0.400000,5.500000,11,275,95,1637,2454,GRASP-PR heuristic,29,28.000000,0,474614,15.004864,29,30.000000,1,10,4191.000000,2554.000000,0.892364
100,0.500000,0.400000,5.500000,12,270,97,1555,2613,GRASP-PR heuristic,27,27.000000,1,0,0.009276,27,30.000000,1,12,4288.000000,2733.000000,0.806481
100,0.500000,0.400000,5.500000,13,275,98,1605,2686,GRASP-PR heuristic,27,27.000000,1,0,0.009586,27,30.000000,1,11,4401.000000,2796.000000,0.887934
100,0.500000,0.400000,5.500000,14,275,96,1529,2675,GRASP-PR heuristic,30,30.000000,1,0,0.009489,30,30.000000,1,11,4314.000000,2785.000000,0.884298
100,0.500000,0.400000,5.500000,15,275,97,1657,2436,GRASP-PR heuristic,32,32.000000,1,0,0.008911,32,30.000000,1,10,4193.000000,2536.000000,0.885818
100,0.500000,0.400000,5.500000,16,275,94,1506,2635,GRASP-PR heuristic,27,26.000000,0,494637,15.049036,27,30.000000,1,10,4241.000000,2735.000000,0.958182
100,0.500000,0.400000,5.500000,17,275,98,1718,2800,GRASP-PR heuristic,27,27.000000,1,1090,0.042177,28,30.000000,1,11,4628.000000,2910.000000,0.925620
100,0.500000,0.400000,5.500000,19,275,94,1553,2768,GRASP-PR heuristic,28,28.000000,1,0,0.010300,28,30.000000,1,12,4441.000000,2888.000000,0.838788
100,0.500000,0.400000,5.500000,20,275,96,1605,2797,GRASP-PR heuristic,29,29.000000,1,0,0.010324,29,30.000000,1,12,4522.000000,2917.000000,0.847576
100,0.500000,0.400000,6.000000,0,300,94,1576,2692,GRASP-PR heuristic,23,23.000000,1,0,0.009813,23,30.000000,1,10,4368.000000,2792.000000,0.897333
100,0.500000,0.400000,6.000000,1,300,96,1480,2515,GRASP-PR heuristic,27,27.000000,1,0,0.009506,27,30.000000,1,9,4085.000000,2605.000000,0.931481
100,0.500000,0.400000,6.000000,2,300,95,1683,2639,GRASP-PR heuristic,33,33.000000,1,0,0.010238,33,30.000000,1,11,4432.000000,2749.000000,0.799697
100,0.500000,0.400000,6.000000,3,300,97,1639,2733,GRASP-PR heuristic,30,30.000000,1,0,0.009792,30,30.000000,1,11,4482.000000,2843.000000,0.828182
100,0.500000,0.400000,6.000000,4,294,98,1601,2654,GRASP-PR heuristic,27,27.000000,1,0,0.010655,27,30.000000,1,11,4365.000000,2764.000000,0.820656
100,0.500000,0.400000,6.000000,5,300,97,1582,2717,GRASP-PR heuristic,30,30.000000,1,0,0.010023,30,30.000000,1,10,4399.000000,2817.000000,0.905667
100,0.500000,0.400000,6.000000,6,300,96,1515,2505,GRASP-PR heuristic,26,26.000000,1,0,0.009093,26,30.000000,1,10,4120.000000,2605.000000,0.835000
100,0.500000,0.400000,6.000000,7,300,97,1648,2548,GRASP-PR heuristic,28,28.000000,1,0,0.009621,28,30.000000,1,10,4296.000000,2648.000000,0.849333
100,0.500000,0.400000,6.000000,8,294,96,1657,2540,GRASP-PR heuristic,29,28.000000,0,473265,15.026628,29,30.000000,1,9,4287.000000,2630.000000,0.959940
100,0.500000,0.400000,6.000000,9,300,98,1475,2435,GRASP-PR heuristic,29,29.000000,1,0,0.009399,29,30.000000,1,11,4020.000000,2545.000000,0.737879
100,0.500000,0.400000,6.000000,10,294,97,1499,2612,GRASP-PR heuristic,28,28.000000,1,0,0.009165,28,30.000000,1,11,4221.000000,2722.000000,0.807669
100,0.500000,0.400000,6.000000,11,300,95,1637,2454,GRASP-PR heuristic,29,28.000000,0,443906,15.066909,29,30.000000,1,9,4181.000000,2544.000000,0.908889
100,0.500000,0.400000,6.000000,12,294,97,1555,2613,GRASP-PR heuristic,27,27.000000,1,0,0.009240,27,30.000000,1,11,4278.000000,2723.000000,0.807978
100,0.500000,0.400000,6.000000,13,300,98,1605,2686,GRASP-PR heuristic,27,27.000000,1,0,0.009776,27,30.000000,1,10,4391.000000,2786.000000,0.895333
100,0.500000,0.400000,6.000000,14,300,96,1529,2675,GRASP-PR heuristic,30,30.000000,1,0,0.009655,30,30.000000,1,11,4314.000000,2785.000000,0.810606
100,0.500000,0.400000,6.000000,15,300,97,1657,2436,GRASP-PR heuristic,32,32.000000,1,0,0.008705,32,30.000000,1,10,4193.000000,2536.000000,0.812000
100,0.500000,0.400000,6.000000,16,300,94,1506,2635,GRASP-PR heuristic,26,26.000000,1,218856,6.979853,27,30.000000,1,10,4241.000000,2735.000000,0.878333
100,0.500000,0.400000,6.000000,17,300,98,1718,2800,GRASP-PR heuristic,27,27.000000,1,0,0.010733,27,30.000000,1,12,4638.000000,2920.000000,0.777778
100,0.500000,0.400000,6.000000,19,300,94,1553,2768,GRASP-PR heuristic,28,28.000000,1,0,0.009921,28,30.000000,1,11,4431.000000,2878.000000,0.838788
100,0.500000,0.400000,6.000000,20,300,96,1605,2797,GRASP-PR heuristic,29,29.000000,1,0,0.010599,29,30.000000,1,12,4522.000000,2917.000000,0.776944
