n,theta,R,sigma,rep,capacity,actual_types,sum_p,sum_e,algorithm,objective,best_bound,certified,nodes,runtime,incumbent_initial,time_limit,available,recharges,makespan,total_recharge_time,battery_utilization,rho,alpha,beta,policy
40,0.500000,0.400000,3.000000,0,150,40,508,1156,Full-recharge strengthened CPLEX MILP heuristic-start,13,13.000000,1,606,0.981145,14,180.000000,1,11,2570.500000,2062.500000,0.700606,0.200000,37.500000,1.000000,full
40,0.500000,0.400000,3.000000,0,150,40,508,1156,Strengthened CPLEX MILP heuristic-start,13,13.000000,1,0,0.056360,13,180.000000,1,10,2039.000000,1531.000000,0.770667,0.200000,37.500000,1.000000,partial
40,0.500000,0.400000,3.000000,1,147,40,580,1036,Full-recharge strengthened CPLEX MILP heuristic-start,12,12.000000,1,1695,3.851479,16,180.000000,1,10,2417.500000,1837.500000,0.704762,0.200000,36.750000,1.000000,full
40,0.500000,0.400000,3.000000,1,147,40,580,1036,Strengthened CPLEX MILP heuristic-start,12,12.000000,1,2096,1.294365,13,180.000000,1,13,2093.750000,1513.750000,0.542125,0.200000,36.750000,1.000000,partial
40,0.500000,0.400000,3.000000,2,150,40,726,1078,Full-recharge strengthened CPLEX MILP heuristic-start,13,13.000000,1,248,0.306634,15,180.000000,1,10,2601.000000,1875.000000,0.718667,0.200000,37.500000,1.000000,full
40,0.500000,0.400000,3.000000,2,150,40,726,1078,Strengthened CPLEX MILP heuristic-start,13,13.000000,1,0,0.044797,13,180.000000,1,9,2141.500000,1415.500000,0.798519,0.200000,37.500000,1.000000,partial
40,0.500000,0.400000,3.000000,3,150,40,621,955,Full-recharge strengthened CPLEX MILP heuristic-start,13,13.000000,1,1294,2.547825,15,180.000000,1,8,2121.000000,1500.000000,0.795833,0.200000,37.500000,1.000000,full
40,0.500000,0.400000,3.000000,3,150,40,621,955,Strengthened CPLEX MILP heuristic-start,13,13.000000,1,0,0.042514,13,180.000000,1,8,1876.000000,1255.000000,0.795833,0.200000,37.500000,1.000000,partial
40,0.500000,0.400000,3.000000,4,147,39,652,1008,Full-recharge strengthened CPLEX MILP heuristic-start,14,14.000000,1,13961,38.943921,16,180.000000,1,10,2489.500000,1837.500000,0.685714,0.200000,36.750000,1.000000,full
40,0.500000,0.400000,3.000000,4,147,39,652,1008,Strengthened CPLEX MILP heuristic-start,13,13.000000,1,0,0.057978,13,180.000000,1,8,1954.000000,1302.000000,0.857143,0.200000,36.750000,1.000000,partial
40,0.500000,0.400000,3.000000,5,144,39,619,1150,Full-recharge strengthened CPLEX MILP heuristic-start,14,14.000000,1,20484,32.243682,16,180.000000,1,11,2599.000000,1980.000000,0.726010,0.200000,36.000000,1.000000,full
40,0.500000,0.400000,3.000000,5,144,39,619,1150,Strengthened CPLEX MILP heuristic-start,14,14.000000,1,2632,0.835678,15,180.000000,1,11,2165.000000,1546.000000,0.726010,0.200000,36.000000,1.000000,partial
40,0.500000,0.400000,3.000000,6,144,40,580,1047,Full-recharge strengthened CPLEX MILP heuristic-start,15,15.000000,1,110,0.323700,17,180.000000,1,10,2380.000000,1800.000000,0.727083,0.200000,36.000000,1.000000,full
40,0.500000,0.400000,3.000000,6,144,40,580,1047,Strengthened CPLEX MILP heuristic-start,15,15.000000,1,0,0.050017,15,180.000000,1,9,1951.000000,1371.000000,0.807870,0.200000,36.000000,1.000000,partial
40,0.500000,0.400000,3.000000,7,147,39,627,1029,Full-recharge strengthened CPLEX MILP heuristic-start,15,15.000000,1,1740,2.197540,17,180.000000,1,9,2280.750000,1653.750000,0.777778,0.200000,36.750000,1.000000,full
40,0.500000,0.400000,3.000000,7,147,39,627,1029,Strengthened CPLEX MILP heuristic-start,15,15.000000,1,1053,0.705117,16,180.000000,1,12,2097.000000,1470.000000,0.583333,0.200000,36.750000,1.000000,partial
40,0.500000,0.400000,3.000000,8,147,39,624,1156,Full-recharge strengthened CPLEX MILP heuristic-start,14,14.000000,1,31379,89.168119,15,180.000000,1,10,2461.500000,1837.500000,0.786395,0.200000,36.750000,1.000000,full
40,0.500000,0.400000,3.000000,8,147,39,624,1156,Strengthened CPLEX MILP heuristic-start,13,13.000000,1,0,0.051669,13,180.000000,1,9,2110.750000,1486.750000,0.873772,0.200000,36.750000,1.000000,partial
40,0.500000,0.400000,3.000000,9,150,40,669,1026,Full-recharge strengthened CPLEX MILP heuristic-start,14,14.000000,1,10205,30.926805,15,180.000000,1,10,2544.000000,1875.000000,0.684000,0.200000,37.500000,1.000000,full
40,0.500000,0.400000,3.000000,9,150,40,669,1026,Strengthened CPLEX MILP heuristic-start,12,12.000000,1,0,0.049623,12,180.000000,1,8,1995.000000,1326.000000,0.855000,0.200000,37.500000,1.000000,partial
40,0.500000,0.400000,3.000000,10,150,40,644,1035,Full-recharge strengthened CPLEX MILP heuristic-start,13,13.000000,1,9599,27.077426,16,180.000000,1,9,2331.500000,1687.500000,0.766667,0.200000,37.500000,1.000000,full
40,0.500000,0.400000,3.000000,10,150,40,644,1035,Strengthened CPLEX MILP heuristic-start,12,12.000000,1,2201,1.832821,13,180.000000,1,12,2129.000000,1485.000000,0.575000,0.200000,37.500000,1.000000,partial
40,0.500000,0.400000,3.000000,11,147,40,659,1158,Full-recharge strengthened CPLEX MILP heuristic-start,14,14.000000,1,8596,16.621891,16,180.000000,1,10,2496.500000,1837.500000,0.787755,0.200000,36.750000,1.000000,full
40,0.500000,0.400000,3.000000,11,147,40,659,1158,Strengthened CPLEX MILP heuristic-start,14,14.000000,1,18723,14.607547,14,180.000000,1,10,2184.500000,1525.500000,0.787755,0.200000,36.750000,1.000000,partial
40,0.500000,0.400000,3.000000,12,150,40,647,1146,Full-recharge strengthened CPLEX MILP heuristic-start,13,13.000000,1,544,1.060690,17,180.000000,1,9,2334.500000,1687.500000,0.848889,0.200000,37.500000,1.000000,full
40,0.500000,0.400000,3.000000,12,150,40,647,1146,Strengthened CPLEX MILP heuristic-start,13,13.000000,1,0,0.044412,13,180.000000,1,10,2168.000000,1521.000000,0.764000,0.200000,37.500000,1.000000,partial
40,0.500000,0.400000,3.000000,13,147,40,539,1059,Full-recharge strengthened CPLEX MILP heuristic-start,13,12.000000,0,146647,179.973467,16,180.000000,1,9,2192.750000,1653.750000,0.800454,0.200000,36.750000,1.000000,full
40,0.500000,0.400000,3.000000,13,147,40,539,1059,Strengthened CPLEX MILP heuristic-start,12,12.000000,1,2735,1.596601,13,180.000000,1,11,2002.250000,1463.250000,0.654917,0.200000,36.750000,1.000000,partial
40,0.500000,0.400000,3.000000,14,150,40,642,1002,Full-recharge strengthened CPLEX MILP heuristic-start,16,16.000000,1,23421,21.937832,19,180.000000,1,9,2329.500000,1687.500000,0.742222,0.200000,37.500000,1.000000,full
40,0.500000,0.400000,3.000000,14,150,40,642,1002,Strengthened CPLEX MILP heuristic-start,14,14.000000,1,103,0.292292,14,180.000000,1,9,1981.500000,1339.500000,0.742222,0.200000,37.500000,1.000000,partial
40,0.500000,0.400000,3.000000,15,150,38,710,1147,Full-recharge strengthened CPLEX MILP heuristic-start,15,14.000000,0,175174,179.985066,17,180.000000,1,12,2960.000000,2250.000000,0.637222,0.200000,37.500000,1.000000,full
40,0.500000,0.400000,3.000000,15,150,38,710,1147,Strengthened CPLEX MILP heuristic-start,14,14.000000,1,0,0.042580,14,180.000000,1,9,2194.500000,1484.500000,0.849630,0.200000,37.500000,1.000000,partial
40,0.500000,0.400000,3.000000,16,141,40,608,963,Full-recharge strengthened CPLEX MILP heuristic-start,16,16.000000,1,186357,145.190050,17,180.000000,1,8,2018.000000,1410.000000,0.853723,0.200000,35.250000,1.000000,full
40,0.500000,0.400000,3.000000,16,141,40,608,963,Strengthened CPLEX MILP heuristic-start,14,14.000000,1,0,0.042354,14,180.000000,1,8,1853.000000,1245.000000,0.853723,0.200000,35.250000,1.000000,partial
40,0.500000,0.400000,3.000000,17,150,40,537,980,Full-recharge strengthened CPLEX MILP heuristic-start,14,14.000000,1,955,2.594869,18,180.000000,1,8,2037.000000,1500.000000,0.816667,0.200000,37.500000,1.000000,full
40,0.500000,0.400000,3.000000,17,150,40,537,980,Strengthened CPLEX MILP heuristic-start,14,14.000000,1,2101,0.919950,15,180.000000,1,9,1854.500000,1317.500000,0.725926,0.200000,37.500000,1.000000,partial
40,0.500000,0.400000,3.000000,18,150,39,643,1063,Full-recharge strengthened CPLEX MILP heuristic-start,12,12.000000,1,0,0.062227,12,180.000000,1,8,2143.000000,1500.000000,0.885833,0.200000,37.500000,1.000000,full
40,0.500000,0.400000,3.000000,18,150,39,643,1063,Strengthened CPLEX MILP heuristic-start,12,12.000000,1,0,0.050480,12,180.000000,1,8,2006.000000,1363.000000,0.885833,0.200000,37.500000,1.000000,partial
40,0.500000,0.400000,3.000000,19,147,39,612,1028,Full-recharge strengthened CPLEX MILP heuristic-start,14,14.000000,1,39848,59.156242,15,180.000000,1,9,2265.750000,1653.750000,0.777022,0.200000,36.750000,1.000000,full
40,0.500000,0.400000,3.000000,19,147,39,612,1028,Strengthened CPLEX MILP heuristic-start,13,13.000000,1,0,0.047709,13,180.000000,1,9,1970.750000,1358.750000,0.777022,0.200000,36.750000,1.000000,partial
40,0.500000,0.400000,3.000000,0,150,40,508,1156,Full-recharge strengthened CPLEX MILP heuristic-start,17,17.000000,1,0,0.060169,17,180.000000,1,9,3883.000000,3375.000000,0.856296,0.600000,225.000000,1.000000,full
40,0.500000,0.400000,3.000000,0,150,40,508,1156,Strengthened CPLEX MILP heuristic-start,17,17.000000,1,0,0.057235,17,180.000000,1,9,3689.000000,3181.000000,0.856296,0.600000,225.000000,1.000000,partial
40,0.500000,0.400000,3.000000,1,147,40,580,1036,Full-recharge strengthened CPLEX MILP heuristic-start,16,16.000000,1,0,0.065088,16,180.000000,1,8,3520.000000,2940.000000,0.880952,0.600000,220.500000,1.000000,full
40,0.500000,0.400000,3.000000,1,147,40,580,1036,Strengthened CPLEX MILP heuristic-start,16,16.000000,1,0,0.056585,16,180.000000,1,8,3380.000000,2800.000000,0.880952,0.600000,220.500000,1.000000,partial
40,0.500000,0.400000,3.000000,2,150,40,726,1078,Full-recharge strengthened CPLEX MILP heuristic-start,17,17.000000,1,692,0.487980,19,180.000000,1,10,4476.000000,3750.000000,0.718667,0.600000,225.000000,1.000000,full
40,0.500000,0.400000,3.000000,2,150,40,726,1078,Strengthened CPLEX MILP heuristic-start,17,17.000000,1,0,0.054463,17,180.000000,1,8,3604.000000,2878.000000,0.898333,0.600000,225.000000,1.000000,partial
40,0.500000,0.400000,3.000000,3,150,40,621,955,Full-recharge strengthened CPLEX MILP heuristic-start,13,13.000000,1,0,0.051122,13,180.000000,1,7,3246.000000,2625.000000,0.909524,0.600000,225.000000,1.000000,full
40,0.500000,0.400000,3.000000,3,150,40,621,955,Strengthened CPLEX MILP heuristic-start,13,13.000000,1,0,0.045406,13,180.000000,1,7,3151.000000,2530.000000,0.909524,0.600000,225.000000,1.000000,partial
40,0.500000,0.400000,3.000000,4,147,39,652,1008,Full-recharge strengthened CPLEX MILP heuristic-start,14,14.000000,1,250,0.779567,15,180.000000,1,10,4327.000000,3675.000000,0.685714,0.600000,220.500000,1.000000,full
40,0.500000,0.400000,3.000000,4,147,39,652,1008,Strengthened CPLEX MILP heuristic-start,14,14.000000,1,2601,3.467798,15,180.000000,1,17,5408.500000,4756.500000,0.403361,0.600000,220.500000,1.000000,partial
40,0.500000,0.400000,3.000000,5,144,39,619,1150,Full-recharge strengthened CPLEX MILP heuristic-start,15,15.000000,1,16203,43.049680,18,180.000000,1,9,3859.000000,3240.000000,0.887346,0.600000,216.000000,1.000000,full
40,0.500000,0.400000,3.000000,5,144,39,619,1150,Strengthened CPLEX MILP heuristic-start,14,14.000000,1,576,0.903511,15,180.000000,1,11,4145.000000,3526.000000,0.726010,0.600000,216.000000,1.000000,partial
40,0.500000,0.400000,3.000000,6,144,40,580,1047,Full-recharge strengthened CPLEX MILP heuristic-start,15,15.000000,1,39481,40.449491,16,180.000000,1,10,4180.000000,3600.000000,0.727083,0.600000,216.000000,1.000000,full
40,0.500000,0.400000,3.000000,6,144,40,580,1047,Strengthened CPLEX MILP heuristic-start,14,14.000000,1,1771,1.854500,14,180.000000,1,9,3571.000000,2991.000000,0.807870,0.600000,216.000000,1.000000,partial
40,0.500000,0.400000,3.000000,7,147,39,627,1029,Full-recharge strengthened CPLEX MILP heuristic-start,14,14.000000,1,9973,19.285089,18,180.000000,1,10,4302.000000,3675.000000,0.700000,0.600000,220.500000,1.000000,full
40,0.500000,0.400000,3.000000,7,147,39,627,1029,Strengthened CPLEX MILP heuristic-start,13,13.000000,1,16456,11.422427,14,180.000000,1,15,4963.500000,4336.500000,0.466667,0.600000,220.500000,1.000000,partial
40,0.500000,0.400000,3.000000,8,147,39,624,1156,Full-recharge strengthened CPLEX MILP heuristic-start,18,18.000000,1,787,1.569630,19,180.000000,1,10,4299.000000,3675.000000,0.786395,0.600000,220.500000,1.000000,full
40,0.500000,0.400000,3.000000,8,147,39,624,1156,Strengthened CPLEX MILP heuristic-start,18,18.000000,1,0,0.171208,19,180.000000,1,14,4867.000000,4243.000000,0.561710,0.600000,220.500000,1.000000,partial
40,0.500000,0.400000,3.000000,9,150,40,669,1026,Full-recharge strengthened CPLEX MILP heuristic-start,14,14.000000,1,657,1.651844,15,180.000000,1,10,4419.000000,3750.000000,0.684000,0.600000,225.000000,1.000000,full
40,0.500000,0.400000,3.000000,9,150,40,669,1026,Strengthened CPLEX MILP heuristic-start,14,14.000000,1,1000,1.567716,15,180.000000,1,13,4620.000000,3951.000000,0.526154,0.600000,225.000000,1.000000,partial
40,0.500000,0.400000,3.000000,10,150,40,644,1035,Full-recharge strengthened CPLEX MILP heuristic-start,14,14.000000,1,420,1.027045,15,180.000000,1,11,4769.000000,4125.000000,0.627273,0.600000,225.000000,1.000000,full
40,0.500000,0.400000,3.000000,10,150,40,644,1035,Strengthened CPLEX MILP heuristic-start,14,14.000000,1,1150,0.912293,15,180.000000,1,10,3929.000000,3285.000000,0.690000,0.600000,225.000000,1.000000,partial
40,0.500000,0.400000,3.000000,11,147,40,659,1158,Full-recharge strengthened CPLEX MILP heuristic-start,14,14.000000,1,21083,36.441834,16,180.000000,1,12,5069.000000,4410.000000,0.656463,0.600000,220.500000,1.000000,full
40,0.500000,0.400000,3.000000,11,147,40,659,1158,Strengthened CPLEX MILP heuristic-start,14,14.000000,1,669,1.226891,15,180.000000,1,16,5345.000000,4686.000000,0.492347,0.600000,220.500000,1.000000,partial
40,0.500000,0.400000,3.000000,12,150,40,647,1146,Full-recharge strengthened CPLEX MILP heuristic-start,13,13.000000,1,2172,5.425153,14,180.000000,1,15,6272.000000,5625.000000,0.509333,0.600000,225.000000,1.000000,full
40,0.500000,0.400000,3.000000,12,150,40,647,1146,Strengthened CPLEX MILP heuristic-start,13,13.000000,1,2090,0.950233,14,180.000000,1,14,4943.000000,4296.000000,0.545714,0.600000,225.000000,1.000000,partial
40,0.500000,0.400000,3.000000,13,147,40,539,1059,Full-recharge strengthened CPLEX MILP heuristic-start,15,15.000000,1,1629,2.737890,16,180.000000,1,11,4581.500000,4042.500000,0.654917,0.600000,220.500000,1.000000,full
40,0.500000,0.400000,3.000000,13,147,40,539,1059,Strengthened CPLEX MILP heuristic-start,15,15.000000,1,300,0.664710,16,180.000000,1,10,3803.000000,3264.000000,0.720408,0.600000,220.500000,1.000000,partial
40,0.500000,0.400000,3.000000,14,150,40,642,1002,Full-recharge strengthened CPLEX MILP heuristic-start,14,14.000000,1,110,0.373255,15,180.000000,1,10,4392.000000,3750.000000,0.668000,0.600000,225.000000,1.000000,full
40,0.500000,0.400000,3.000000,14,150,40,642,1002,Strengthened CPLEX MILP heuristic-start,14,14.000000,1,4734,3.993323,15,180.000000,1,13,4569.000000,3927.000000,0.513846,0.600000,225.000000,1.000000,partial
40,0.500000,0.400000,3.000000,15,150,38,710,1147,Full-recharge strengthened CPLEX MILP heuristic-start,17,17.000000,1,0,0.051946,17,180.000000,1,9,4085.000000,3375.000000,0.849630,0.600000,225.000000,1.000000,full
40,0.500000,0.400000,3.000000,15,150,38,710,1147,Strengthened CPLEX MILP heuristic-start,17,17.000000,1,0,0.046513,17,180.000000,1,9,3882.000000,3172.000000,0.849630,0.600000,225.000000,1.000000,partial
40,0.500000,0.400000,3.000000,16,141,40,608,963,Full-recharge strengthened CPLEX MILP heuristic-start,15,15.000000,1,9211,17.189601,17,180.000000,1,9,3780.500000,3172.500000,0.758865,0.600000,211.500000,1.000000,full
40,0.500000,0.400000,3.000000,16,141,40,608,963,Strengthened CPLEX MILP heuristic-start,15,15.000000,1,1583,2.994098,17,180.000000,1,18,5378.000000,4770.000000,0.379433,0.600000,211.500000,1.000000,partial
40,0.500000,0.400000,3.000000,17,150,40,537,980,Full-recharge strengthened CPLEX MILP heuristic-start,19,19.000000,1,0,0.167685,20,180.000000,1,9,3912.000000,3375.000000,0.725926,0.600000,225.000000,1.000000,full
40,0.500000,0.400000,3.000000,17,150,40,537,980,Strengthened CPLEX MILP heuristic-start,19,19.000000,1,1000,2.325596,20,180.000000,1,15,4892.000000,4355.000000,0.435556,0.600000,225.000000,1.000000,partial
40,0.500000,0.400000,3.000000,18,150,39,643,1063,Full-recharge strengthened CPLEX MILP heuristic-start,15,15.000000,1,20347,62.815714,16,180.000000,1,10,4393.000000,3750.000000,0.708667,0.600000,225.000000,1.000000,full
40,0.500000,0.400000,3.000000,18,150,39,643,1063,Strengthened CPLEX MILP heuristic-start,14,14.000000,1,200,0.431344,15,180.000000,1,11,4181.000000,3538.000000,0.644242,0.600000,225.000000,1.000000,partial
40,0.500000,0.400000,3.000000,19,147,39,612,1028,Full-recharge strengthened CPLEX MILP heuristic-start,15,15.000000,1,1622,1.401223,19,180.000000,1,11,4654.500000,4042.500000,0.635745,0.600000,220.500000,1.000000,full
40,0.500000,0.400000,3.000000,19,147,39,612,1028,Strengthened CPLEX MILP heuristic-start,15,15.000000,1,0,0.089901,16,180.000000,1,10,3845.000000,3233.000000,0.699320,0.600000,220.500000,1.000000,partial
40,0.500000,0.400000,5.000000,0,250,40,508,1156,Full-recharge strengthened CPLEX MILP heuristic-start,15,15.000000,1,3471,5.307489,16,180.000000,1,8,3008.000000,2500.000000,0.578000,0.200000,62.500000,1.000000,full
40,0.500000,0.400000,5.000000,0,250,40,508,1156,Strengthened CPLEX MILP heuristic-start,11,11.000000,1,57,0.199319,12,180.000000,1,6,2039.000000,1531.000000,0.770667,0.200000,62.500000,1.000000,partial
40,0.500000,0.400000,5.000000,1,245,40,580,1036,Full-recharge strengthened CPLEX MILP heuristic-start,14,14.000000,1,3140,5.251503,15,180.000000,1,9,3336.250000,2756.250000,0.469841,0.200000,61.250000,1.000000,full
40,0.500000,0.400000,5.000000,1,245,40,580,1036,Strengthened CPLEX MILP heuristic-start,11,11.000000,1,0,0.059185,11,180.000000,1,5,1922.250000,1342.250000,0.845714,0.200000,61.250000,1.000000,partial
40,0.500000,0.400000,5.000000,2,250,40,726,1078,Full-recharge strengthened CPLEX MILP heuristic-start,14,14.000000,1,2164,4.191359,16,180.000000,1,8,3226.000000,2500.000000,0.539000,0.200000,62.500000,1.000000,full
40,0.500000,0.400000,5.000000,2,250,40,726,1078,Strengthened CPLEX MILP heuristic-start,12,12.000000,1,0,0.044545,12,180.000000,1,6,2179.000000,1453.000000,0.718667,0.200000,62.500000,1.000000,partial
40,0.500000,0.400000,5.000000,3,250,40,621,955,Full-recharge strengthened CPLEX MILP heuristic-start,11,11.000000,1,1777,3.350137,12,180.000000,1,5,2183.500000,1562.500000,0.764000,0.200000,62.500000,1.000000,full
40,0.500000,0.400000,5.000000,3,250,40,621,955,Strengthened CPLEX MILP heuristic-start,9,9.000000,1,0,0.043670,9,180.000000,1,5,1888.500000,1267.500000,0.764000,0.200000,62.500000,1.000000,partial
40,0.500000,0.400000,5.000000,4,245,39,652,1008,Full-recharge strengthened CPLEX MILP heuristic-start,13,13.000000,1,3032,7.824670,14,180.000000,1,8,3102.000000,2450.000000,0.514286,0.200000,61.250000,1.000000,full
40,0.500000,0.400000,5.000000,4,245,39,652,1008,Strengthened CPLEX MILP heuristic-start,12,12.000000,1,743,1.774509,13,180.000000,1,10,2272.500000,1620.500000,0.411429,0.200000,61.250000,1.000000,partial
40,0.500000,0.400000,5.000000,5,240,39,619,1150,Full-recharge strengthened CPLEX MILP heuristic-start,12,12.000000,1,1113,0.998576,18,180.000000,1,8,3019.000000,2400.000000,0.598958,0.200000,60.000000,1.000000,full
40,0.500000,0.400000,5.000000,5,240,39,619,1150,Strengthened CPLEX MILP heuristic-start,12,12.000000,1,0,0.040816,12,180.000000,1,6,2129.000000,1510.000000,0.798611,0.200000,60.000000,1.000000,partial
40,0.500000,0.400000,5.000000,6,240,40,580,1047,Full-recharge strengthened CPLEX MILP heuristic-start,14,14.000000,1,1154,1.185307,15,180.000000,1,7,2680.000000,2100.000000,0.623214,0.200000,60.000000,1.000000,full
40,0.500000,0.400000,5.000000,6,240,40,580,1047,Strengthened CPLEX MILP heuristic-start,14,14.000000,1,0,0.053037,14,180.000000,1,6,1987.000000,1407.000000,0.727083,0.200000,60.000000,1.000000,partial
40,0.500000,0.400000,5.000000,7,245,39,627,1029,Full-recharge strengthened CPLEX MILP heuristic-start,14,14.000000,1,940,1.936163,15,180.000000,1,8,3077.000000,2450.000000,0.525000,0.200000,61.250000,1.000000,full
40,0.500000,0.400000,5.000000,7,245,39,627,1029,Strengthened CPLEX MILP heuristic-start,14,14.000000,1,0,0.044279,14,180.000000,1,6,2023.500000,1396.500000,0.700000,0.200000,61.250000,1.000000,partial
40,0.500000,0.400000,5.000000,8,245,39,624,1156,Full-recharge strengthened CPLEX MILP heuristic-start,11,11.000000,1,0,0.061924,11,180.000000,1,5,2155.250000,1531.250000,0.943673,0.200000,61.250000,1.000000,full
40,0.500000,0.400000,5.000000,8,245,39,624,1156,Strengthened CPLEX MILP heuristic-start,11,11.000000,1,0,0.052170,11,180.000000,1,5,2086.250000,1462.250000,0.943673,0.200000,61.250000,1.000000,partial
40,0.500000,0.400000,5.000000,9,250,40,669,1026,Full-recharge strengthened CPLEX MILP heuristic-start,13,13.000000,1,2317,4.076565,13,180.000000,1,5,2231.500000,1562.500000,0.820800,0.200000,62.500000,1.000000,full
40,0.500000,0.400000,5.000000,9,250,40,669,1026,Strengthened CPLEX MILP heuristic-start,12,12.000000,1,0,0.048221,12,180.000000,1,6,2070.000000,1401.000000,0.684000,0.200000,62.500000,1.000000,partial
40,0.500000,0.400000,5.000000,10,250,40,644,1035,Full-recharge strengthened CPLEX MILP heuristic-start,13,13.000000,1,1905,2.523731,13,180.000000,1,5,2206.500000,1562.500000,0.828000,0.200000,62.500000,1.000000,full
40,0.500000,0.400000,5.000000,10,250,40,644,1035,Strengthened CPLEX MILP heuristic-start,11,11.000000,1,0,0.041165,11,180.000000,1,5,1991.500000,1347.500000,0.828000,0.200000,62.500000,1.000000,partial
40,0.500000,0.400000,5.000000,11,245,40,659,1158,Full-recharge strengthened CPLEX MILP heuristic-start,15,15.000000,1,2649,4.080854,16,180.000000,1,8,3109.000000,2450.000000,0.590816,0.200000,61.250000,1.000000,full
40,0.500000,0.400000,5.000000,11,245,40,659,1158,Strengthened CPLEX MILP heuristic-start,12,12.000000,1,3767,3.603552,12,180.000000,1,6,2184.500000,1525.500000,0.787755,0.200000,61.250000,1.000000,partial
40,0.500000,0.400000,5.000000,12,250,40,647,1146,Full-recharge strengthened CPLEX MILP heuristic-start,15,15.000000,1,10689,14.457085,16,180.000000,1,5,2209.500000,1562.500000,0.916800,0.200000,62.500000,1.000000,full
40,0.500000,0.400000,5.000000,12,250,40,647,1146,Strengthened CPLEX MILP heuristic-start,11,11.000000,1,295,0.489741,12,180.000000,1,11,2480.500000,1833.500000,0.416727,0.200000,62.500000,1.000000,partial
40,0.500000,0.400000,5.000000,13,245,40,539,1059,Full-recharge strengthened CPLEX MILP heuristic-start,14,14.000000,1,3981,8.330787,14,180.000000,1,5,2070.250000,1531.250000,0.864490,0.200000,61.250000,1.000000,full
40,0.500000,0.400000,5.000000,13,245,40,539,1059,Strengthened CPLEX MILP heuristic-start,11,11.000000,1,72,0.312306,12,180.000000,1,10,2210.500000,1671.500000,0.432245,0.200000,61.250000,1.000000,partial
40,0.500000,0.400000,5.000000,14,250,40,642,1002,Full-recharge strengthened CPLEX MILP heuristic-start,12,12.000000,1,1069,2.871612,15,180.000000,1,8,3142.000000,2500.000000,0.501000,0.200000,62.500000,1.000000,full
40,0.500000,0.400000,5.000000,14,250,40,642,1002,Strengthened CPLEX MILP heuristic-start,11,11.000000,1,210,0.323901,12,180.000000,1,7,2081.500000,1439.500000,0.572571,0.200000,62.500000,1.000000,partial
40,0.500000,0.400000,5.000000,15,250,38,710,1147,Full-recharge strengthened CPLEX MILP heuristic-start,15,15.000000,1,3368,6.016511,16,180.000000,1,6,2585.000000,1875.000000,0.764667,0.200000,62.500000,1.000000,full
40,0.500000,0.400000,5.000000,15,250,38,710,1147,Strengthened CPLEX MILP heuristic-start,12,12.000000,1,120,0.208972,13,180.000000,1,9,2419.500000,1709.500000,0.509778,0.200000,62.500000,1.000000,partial
40,0.500000,0.400000,5.000000,16,235,40,608,963,Full-recharge strengthened CPLEX MILP heuristic-start,14,14.000000,1,2770,4.777894,15,180.000000,1,7,2664.250000,2056.250000,0.585410,0.200000,58.750000,1.000000,full
40,0.500000,0.400000,5.000000,16,235,40,608,963,Strengthened CPLEX MILP heuristic-start,12,12.000000,1,180,0.386124,13,180.000000,1,7,1982.250000,1374.250000,0.585410,0.200000,58.750000,1.000000,partial
40,0.500000,0.400000,5.000000,17,250,40,537,980,Full-recharge strengthened CPLEX MILP heuristic-start,13,13.000000,1,1083,1.128677,15,180.000000,1,8,3037.000000,2500.000000,0.490000,0.200000,62.500000,1.000000,full
40,0.500000,0.400000,5.000000,17,250,40,537,980,Strengthened CPLEX MILP heuristic-start,13,13.000000,1,835,1.322499,14,180.000000,1,5,1829.500000,1292.500000,0.784000,0.200000,62.500000,1.000000,partial
40,0.500000,0.400000,5.000000,18,250,39,643,1063,Full-recharge strengthened CPLEX MILP heuristic-start,13,13.000000,1,4098,8.718930,15,180.000000,1,5,2205.500000,1562.500000,0.850400,0.200000,62.500000,1.000000,full
40,0.500000,0.400000,5.000000,18,250,39,643,1063,Strengthened CPLEX MILP heuristic-start,10,10.000000,1,275,0.654490,11,180.000000,1,10,2331.000000,1688.000000,0.425200,0.200000,62.500000,1.000000,partial
40,0.500000,0.400000,5.000000,19,245,39,612,1028,Full-recharge strengthened CPLEX MILP heuristic-start,13,13.000000,1,2894,4.221838,13,180.000000,1,5,2143.250000,1531.250000,0.839184,0.200000,61.250000,1.000000,full
40,0.500000,0.400000,5.000000,19,245,39,612,1028,Strengthened CPLEX MILP heuristic-start,11,11.000000,1,100,0.259448,12,180.000000,1,11,2313.750000,1701.750000,0.381447,0.200000,61.250000,1.000000,partial
40,0.500000,0.400000,5.000000,0,250,40,508,1156,Full-recharge strengthened CPLEX MILP heuristic-start,9,9.000000,1,0,0.057836,9,180.000000,1,5,3633.000000,3125.000000,0.924800,0.600000,375.000000,1.000000,full
40,0.500000,0.400000,5.000000,0,250,40,508,1156,Strengthened CPLEX MILP heuristic-start,9,9.000000,1,0,0.057338,9,180.000000,1,5,3539.000000,3031.000000,0.924800,0.600000,375.000000,1.000000,partial
40,0.500000,0.400000,5.000000,1,245,40,580,1036,Full-recharge strengthened CPLEX MILP heuristic-start,7,7.000000,1,1190,1.413805,10,180.000000,1,8,5480.000000,4900.000000,0.528571,0.600000,367.500000,1.000000,full
40,0.500000,0.400000,5.000000,1,245,40,580,1036,Strengthened CPLEX MILP heuristic-start,7,7.000000,1,1000,0.512909,9,180.000000,1,7,4188.500000,3608.500000,0.604082,0.600000,367.500000,1.000000,partial
40,0.500000,0.400000,5.000000,2,250,40,726,1078,Full-recharge strengthened CPLEX MILP heuristic-start,11,11.000000,1,7102,15.616275,13,180.000000,1,6,4476.000000,3750.000000,0.718667,0.600000,375.000000,1.000000,full
40,0.500000,0.400000,5.000000,2,250,40,726,1078,Strengthened CPLEX MILP heuristic-start,11,11.000000,1,2921,4.676604,12,180.000000,1,10,5554.000000,4828.000000,0.431200,0.600000,375.000000,1.000000,partial
40,0.500000,0.400000,5.000000,3,250,40,621,955,Full-recharge strengthened CPLEX MILP heuristic-start,11,11.000000,1,0,0.164533,12,180.000000,1,5,3746.000000,3125.000000,0.764000,0.600000,375.000000,1.000000,full
40,0.500000,0.400000,5.000000,3,250,40,621,955,Strengthened CPLEX MILP heuristic-start,11,11.000000,1,0,0.047672,11,180.000000,1,5,3451.000000,2830.000000,0.764000,0.600000,375.000000,1.000000,partial
40,0.500000,0.400000,5.000000,4,245,39,652,1008,Full-recharge strengthened CPLEX MILP heuristic-start,8,8.000000,1,3731,5.130781,13,180.000000,1,5,3714.500000,3062.500000,0.822857,0.600000,367.500000,1.000000,full
40,0.500000,0.400000,5.000000,4,245,39,652,1008,Strengthened CPLEX MILP heuristic-start,8,8.000000,1,421,0.960992,8,180.000000,1,5,3497.500000,2845.500000,0.822857,0.600000,367.500000,1.000000,partial
40,0.500000,0.400000,5.000000,5,240,39,619,1150,Full-recharge strengthened CPLEX MILP heuristic-start,10,10.000000,1,19216,25.736544,11,180.000000,1,6,4219.000000,3600.000000,0.798611,0.600000,360.000000,1.000000,full
40,0.500000,0.400000,5.000000,5,240,39,619,1150,Strengthened CPLEX MILP heuristic-start,8,8.000000,1,406,0.548370,9,180.000000,1,11,5729.000000,5110.000000,0.435606,0.600000,360.000000,1.000000,partial
40,0.500000,0.400000,5.000000,6,240,40,580,1047,Full-recharge strengthened CPLEX MILP heuristic-start,8,8.000000,1,135,0.452637,9,180.000000,1,6,4180.000000,3600.000000,0.727083,0.600000,360.000000,1.000000,full
40,0.500000,0.400000,5.000000,6,240,40,580,1047,Strengthened CPLEX MILP heuristic-start,8,8.000000,1,0,0.228405,9,180.000000,1,9,4867.000000,4287.000000,0.484722,0.600000,360.000000,1.000000,partial
40,0.500000,0.400000,5.000000,7,245,39,627,1029,Full-recharge strengthened CPLEX MILP heuristic-start,7,7.000000,1,1087,2.074482,8,180.000000,1,6,4302.000000,3675.000000,0.700000,0.600000,367.500000,1.000000,full
40,0.500000,0.400000,5.000000,7,245,39,627,1029,Strengthened CPLEX MILP heuristic-start,7,7.000000,1,720,1.113341,8,180.000000,1,8,4596.000000,3969.000000,0.525000,0.600000,367.500000,1.000000,partial
40,0.500000,0.400000,5.000000,8,245,39,624,1156,Full-recharge strengthened CPLEX MILP heuristic-start,10,10.000000,1,0,0.235633,11,180.000000,1,7,4911.500000,4287.500000,0.674052,0.600000,367.500000,1.000000,full
40,0.500000,0.400000,5.000000,8,245,39,624,1156,Strengthened CPLEX MILP heuristic-start,10,10.000000,1,0,0.054379,10,180.000000,1,5,3617.500000,2993.500000,0.943673,0.600000,367.500000,1.000000,partial
40,0.500000,0.400000,5.000000,9,250,40,669,1026,Full-recharge strengthened CPLEX MILP heuristic-start,6,6.000000,1,2227,3.513875,7,180.000000,1,7,5044.000000,4375.000000,0.586286,0.600000,375.000000,1.000000,full
40,0.500000,0.400000,5.000000,9,250,40,669,1026,Strengthened CPLEX MILP heuristic-start,6,6.000000,1,196,0.533166,7,180.000000,1,6,3945.000000,3276.000000,0.684000,0.600000,375.000000,1.000000,partial
40,0.500000,0.400000,5.000000,10,250,40,644,1035,Full-recharge strengthened CPLEX MILP heuristic-start,6,6.000000,1,1580,1.720127,9,180.000000,1,7,5019.000000,4375.000000,0.591429,0.600000,375.000000,1.000000,full
40,0.500000,0.400000,5.000000,10,250,40,644,1035,Strengthened CPLEX MILP heuristic-start,6,6.000000,1,2094,1.645243,7,180.000000,1,9,5054.000000,4410.000000,0.460000,0.600000,375.000000,1.000000,partial
40,0.500000,0.400000,5.000000,11,245,40,659,1158,Full-recharge strengthened CPLEX MILP heuristic-start,9,9.000000,1,0,0.315677,10,180.000000,1,6,4334.000000,3675.000000,0.787755,0.600000,367.500000,1.000000,full
40,0.500000,0.400000,5.000000,11,245,40,659,1158,Strengthened CPLEX MILP heuristic-start,9,9.000000,1,2181,4.145352,10,180.000000,1,8,4757.000000,4098.000000,0.590816,0.600000,367.500000,1.000000,partial
40,0.500000,0.400000,5.000000,12,250,40,647,1146,Full-recharge strengthened CPLEX MILP heuristic-start,9,9.000000,1,1510,3.262973,11,180.000000,1,6,4397.000000,3750.000000,0.764000,0.600000,375.000000,1.000000,full
40,0.500000,0.400000,5.000000,12,250,40,647,1146,Strengthened CPLEX MILP heuristic-start,9,9.000000,1,150,0.357580,10,180.000000,1,6,4043.000000,3396.000000,0.764000,0.600000,375.000000,1.000000,partial
40,0.500000,0.400000,5.000000,13,245,40,539,1059,Full-recharge strengthened CPLEX MILP heuristic-start,8,8.000000,1,1739,3.443297,10,180.000000,1,6,4214.000000,3675.000000,0.720408,0.600000,367.500000,1.000000,full
40,0.500000,0.400000,5.000000,13,245,40,539,1059,Strengthened CPLEX MILP heuristic-start,8,8.000000,1,4279,7.616474,9,180.000000,1,8,4538.000000,3999.000000,0.540306,0.600000,367.500000,1.000000,partial
40,0.500000,0.400000,5.000000,14,250,40,642,1002,Full-recharge strengthened CPLEX MILP heuristic-start,6,6.000000,1,0,0.131470,7,180.000000,1,5,3767.000000,3125.000000,0.801600,0.600000,375.000000,1.000000,full
40,0.500000,0.400000,5.000000,14,250,40,642,1002,Strengthened CPLEX MILP heuristic-start,6,6.000000,1,2634,2.695840,7,180.000000,1,6,3894.000000,3252.000000,0.668000,0.600000,375.000000,1.000000,partial
40,0.500000,0.400000,5.000000,15,250,38,710,1147,Full-recharge strengthened CPLEX MILP heuristic-start,9,9.000000,1,2536,4.753432,11,180.000000,1,7,5085.000000,4375.000000,0.655429,0.600000,375.000000,1.000000,full
40,0.500000,0.400000,5.000000,15,250,38,710,1147,Strengthened CPLEX MILP heuristic-start,9,9.000000,1,877,1.352887,10,180.000000,1,7,4482.000000,3772.000000,0.655429,0.600000,375.000000,1.000000,partial
40,0.500000,0.400000,5.000000,16,235,40,608,963,Full-recharge strengthened CPLEX MILP heuristic-start,7,7.000000,1,0,0.050058,7,180.000000,1,5,3545.500000,2937.500000,0.819574,0.600000,352.500000,1.000000,full
40,0.500000,0.400000,5.000000,16,235,40,608,963,Strengthened CPLEX MILP heuristic-start,7,7.000000,1,0,0.050909,7,180.000000,1,5,3333.500000,2725.500000,0.819574,0.600000,352.500000,1.000000,partial
40,0.500000,0.400000,5.000000,17,250,40,537,980,Full-recharge strengthened CPLEX MILP heuristic-start,13,13.000000,1,0,0.062649,13,180.000000,1,5,3662.000000,3125.000000,0.784000,0.600000,375.000000,1.000000,full
40,0.500000,0.400000,5.000000,17,250,40,537,980,Strengthened CPLEX MILP heuristic-start,13,13.000000,1,0,0.056660,13,180.000000,1,5,3392.000000,2855.000000,0.784000,0.600000,375.000000,1.000000,partial
40,0.500000,0.400000,5.000000,18,250,39,643,1063,Full-recharge strengthened CPLEX MILP heuristic-start,7,7.000000,1,231,1.002061,9,180.000000,1,6,4393.000000,3750.000000,0.708667,0.600000,375.000000,1.000000,full
40,0.500000,0.400000,5.000000,18,250,39,643,1063,Strengthened CPLEX MILP heuristic-start,7,7.000000,1,150,0.245844,8,180.000000,1,6,3956.000000,3313.000000,0.708667,0.600000,375.000000,1.000000,partial
40,0.500000,0.400000,5.000000,19,245,39,612,1028,Full-recharge strengthened CPLEX MILP heuristic-start,10,10.000000,1,4983,5.615053,12,180.000000,1,6,4287.000000,3675.000000,0.699320,0.600000,367.500000,1.000000,full
40,0.500000,0.400000,5.000000,19,245,39,612,1028,Strengthened CPLEX MILP heuristic-start,10,10.000000,1,2229,6.600748,12,180.000000,1,8,4580.000000,3968.000000,0.524490,0.600000,367.500000,1.000000,partial
