n,theta,R,sigma,rep,capacity,actual_types,sum_p,sum_e,algorithm,objective,best_bound,certified,nodes,runtime,incumbent_initial,time_limit,available,recharges,makespan,total_recharge_time,battery_utilization,rho,alpha,beta,pe_correlation,size_label,correlation_label
50,0.500000,0.400000,4.000000,0,200,40,814,1289,Strengthened CPLEX MILP heuristic-start,12,12.000000,1,0,0.067207,12,600.000000,1,8,2183.000000,1369.000000,0.805625,-1.000000,10.000000,1.000000,positive,exact,positive
50,0.500000,0.400000,4.000000,1,200,43,859,1096,Strengthened CPLEX MILP heuristic-start,11,11.000000,1,0,0.060439,11,600.000000,1,7,2025.000000,1166.000000,0.782857,-1.000000,10.000000,1.000000,positive,exact,positive
50,0.500000,0.400000,4.000000,2,200,38,916,1281,Strengthened CPLEX MILP heuristic-start,11,11.000000,1,0,0.074203,11,600.000000,1,8,2277.000000,1361.000000,0.800625,-1.000000,10.000000,1.000000,positive,exact,positive
50,0.500000,0.400000,4.000000,3,196,37,741,1482,Strengthened CPLEX MILP heuristic-start,14,14.000000,1,0,0.052743,14,600.000000,1,9,2313.000000,1572.000000,0.840136,-1.000000,10.000000,1.000000,positive,exact,positive
50,0.500000,0.400000,4.000000,4,200,42,756,1285,Strengthened CPLEX MILP heuristic-start,14,14.000000,1,0,0.071939,14,600.000000,1,8,2121.000000,1365.000000,0.803125,-1.000000,10.000000,1.000000,positive,exact,positive
50,0.500000,0.400000,4.000000,5,200,40,849,1440,Strengthened CPLEX MILP heuristic-start,15,15.000000,1,0,0.074663,15,600.000000,1,9,2379.000000,1530.000000,0.800000,-1.000000,10.000000,1.000000,positive,exact,positive
50,0.500000,0.400000,4.000000,6,200,39,855,1331,Strengthened CPLEX MILP heuristic-start,13,13.000000,1,0,0.071138,13,600.000000,1,7,2256.000000,1401.000000,0.950714,-1.000000,10.000000,1.000000,positive,exact,positive
50,0.500000,0.400000,4.000000,7,200,40,898,1433,Strengthened CPLEX MILP heuristic-start,14,14.000000,1,0,0.053276,14,600.000000,1,9,2421.000000,1523.000000,0.796111,-1.000000,10.000000,1.000000,positive,exact,positive
50,0.500000,0.400000,4.000000,8,196,45,847,1387,Strengthened CPLEX MILP heuristic-start,13,13.000000,1,0,0.077594,13,600.000000,1,8,2314.000000,1467.000000,0.884566,-1.000000,10.000000,1.000000,positive,exact,positive
50,0.500000,0.400000,4.000000,9,192,42,838,1203,Strengthened CPLEX MILP heuristic-start,13,13.000000,1,0,0.078772,13,600.000000,1,7,2111.000000,1273.000000,0.895089,-1.000000,10.000000,1.000000,positive,exact,positive
50,0.500000,0.400000,4.000000,10,196,43,882,1271,Strengthened CPLEX MILP heuristic-start,11,11.000000,1,0,0.072717,11,600.000000,1,8,2233.000000,1351.000000,0.810587,-1.000000,10.000000,1.000000,positive,exact,positive
50,0.500000,0.400000,4.000000,11,196,40,787,1223,Strengthened CPLEX MILP heuristic-start,12,12.000000,1,0,0.061899,12,600.000000,1,7,2080.000000,1293.000000,0.891399,-1.000000,10.000000,1.000000,positive,exact,positive
50,0.500000,0.400000,4.000000,12,200,45,829,1264,Strengthened CPLEX MILP heuristic-start,14,14.000000,1,17419,24.633831,14,600.000000,1,8,2173.000000,1344.000000,0.790000,-1.000000,10.000000,1.000000,positive,exact,positive
50,0.500000,0.400000,4.000000,13,200,38,794,1225,Strengthened CPLEX MILP heuristic-start,12,12.000000,1,0,0.055461,12,600.000000,1,7,2089.000000,1295.000000,0.875000,-1.000000,10.000000,1.000000,positive,exact,positive
50,0.500000,0.400000,4.000000,14,188,39,742,1203,Strengthened CPLEX MILP heuristic-start,11,11.000000,1,0,0.063607,11,600.000000,1,8,2025.000000,1283.000000,0.799867,-1.000000,10.000000,1.000000,positive,exact,positive
50,0.500000,0.400000,4.000000,15,200,42,815,1298,Strengthened CPLEX MILP heuristic-start,14,14.000000,1,1612,2.634024,14,600.000000,1,9,2203.000000,1388.000000,0.721111,-1.000000,10.000000,1.000000,positive,exact,positive
50,0.500000,0.400000,4.000000,16,200,39,801,1406,Strengthened CPLEX MILP heuristic-start,15,15.000000,1,0,0.076030,15,600.000000,1,9,2297.000000,1496.000000,0.781111,-1.000000,10.000000,1.000000,positive,exact,positive
50,0.500000,0.400000,4.000000,17,200,42,739,1260,Strengthened CPLEX MILP heuristic-start,12,12.000000,1,0,0.059089,12,600.000000,1,7,2069.000000,1330.000000,0.900000,-1.000000,10.000000,1.000000,positive,exact,positive
50,0.500000,0.400000,4.000000,18,200,41,798,1405,Strengthened CPLEX MILP heuristic-start,13,13.000000,1,12438,15.500048,13,600.000000,1,8,2283.000000,1485.000000,0.878125,-1.000000,10.000000,1.000000,positive,exact,positive
50,0.500000,0.400000,4.000000,19,200,43,796,1263,Strengthened CPLEX MILP heuristic-start,13,13.000000,1,0,0.075567,13,600.000000,1,8,2139.000000,1343.000000,0.789375,-1.000000,10.000000,1.000000,positive,exact,positive
50,0.500000,0.400000,4.000000,0,200,50,814,1289,Strengthened CPLEX MILP heuristic-start,14,14.000000,1,0,0.062699,14,600.000000,1,8,2183.000000,1369.000000,0.805625,-1.000000,10.000000,1.000000,independent,exact,independent
50,0.500000,0.400000,4.000000,1,200,50,859,1096,Strengthened CPLEX MILP heuristic-start,13,13.000000,1,0,0.062231,13,600.000000,1,6,2015.000000,1156.000000,0.913333,-1.000000,10.000000,1.000000,independent,exact,independent
50,0.500000,0.400000,4.000000,2,200,48,916,1281,Strengthened CPLEX MILP heuristic-start,13,13.000000,1,0,0.075183,13,600.000000,1,8,2277.000000,1361.000000,0.800625,-1.000000,10.000000,1.000000,independent,exact,independent
50,0.500000,0.400000,4.000000,3,196,49,741,1482,Strengthened CPLEX MILP heuristic-start,16,16.000000,1,0,0.054340,16,600.000000,1,9,2313.000000,1572.000000,0.840136,-1.000000,10.000000,1.000000,independent,exact,independent
50,0.500000,0.400000,4.000000,4,200,50,756,1285,Strengthened CPLEX MILP heuristic-start,16,16.000000,1,0,0.072148,16,600.000000,1,8,2121.000000,1365.000000,0.803125,-1.000000,10.000000,1.000000,independent,exact,independent
50,0.500000,0.400000,4.000000,5,200,47,849,1440,Strengthened CPLEX MILP heuristic-start,19,19.000000,1,0,0.075676,19,600.000000,1,8,2369.000000,1520.000000,0.900000,-1.000000,10.000000,1.000000,independent,exact,independent
50,0.500000,0.400000,4.000000,6,200,50,855,1331,Strengthened CPLEX MILP heuristic-start,16,16.000000,1,0,0.073229,16,600.000000,1,8,2266.000000,1411.000000,0.831875,-1.000000,10.000000,1.000000,independent,exact,independent
50,0.500000,0.400000,4.000000,7,200,47,898,1433,Strengthened CPLEX MILP heuristic-start,17,17.000000,1,0,0.052785,17,600.000000,1,8,2411.000000,1513.000000,0.895625,-1.000000,10.000000,1.000000,independent,exact,independent
50,0.500000,0.400000,4.000000,8,196,50,847,1387,Strengthened CPLEX MILP heuristic-start,14,14.000000,1,0,0.077273,14,600.000000,1,9,2324.000000,1477.000000,0.786281,-1.000000,10.000000,1.000000,independent,exact,independent
50,0.500000,0.400000,4.000000,9,192,50,838,1203,Strengthened CPLEX MILP heuristic-start,15,15.000000,1,177981,103.295481,15,600.000000,1,8,2121.000000,1283.000000,0.783203,-1.000000,10.000000,1.000000,independent,exact,independent
50,0.500000,0.400000,4.000000,10,196,46,882,1271,Strengthened CPLEX MILP heuristic-start,13,13.000000,1,0,0.075503,13,600.000000,1,7,2223.000000,1341.000000,0.926385,-1.000000,10.000000,1.000000,independent,exact,independent
50,0.500000,0.400000,4.000000,11,196,49,787,1223,Strengthened CPLEX MILP heuristic-start,14,14.000000,1,0,0.064571,14,600.000000,1,7,2080.000000,1293.000000,0.891399,-1.000000,10.000000,1.000000,independent,exact,independent
50,0.500000,0.400000,4.000000,12,200,49,829,1264,Strengthened CPLEX MILP heuristic-start,18,18.000000,1,0,0.079343,18,600.000000,1,8,2173.000000,1344.000000,0.790000,-1.000000,10.000000,1.000000,independent,exact,independent
50,0.500000,0.400000,4.000000,13,200,50,794,1225,Strengthened CPLEX MILP heuristic-start,16,16.000000,1,0,0.053045,16,600.000000,1,8,2099.000000,1305.000000,0.765625,-1.000000,10.000000,1.000000,independent,exact,independent
50,0.500000,0.400000,4.000000,14,188,49,742,1203,Strengthened CPLEX MILP heuristic-start,13,13.000000,1,13585,12.358551,14,600.000000,1,14,2085.000000,1343.000000,0.457067,-1.000000,10.000000,1.000000,independent,exact,independent
50,0.500000,0.400000,4.000000,15,200,47,815,1298,Strengthened CPLEX MILP heuristic-start,17,17.000000,1,0,0.059013,17,600.000000,1,8,2193.000000,1378.000000,0.811250,-1.000000,10.000000,1.000000,independent,exact,independent
50,0.500000,0.400000,4.000000,16,200,46,801,1406,Strengthened CPLEX MILP heuristic-start,18,18.000000,1,0,0.079112,18,600.000000,1,8,2287.000000,1486.000000,0.878750,-1.000000,10.000000,1.000000,independent,exact,independent
50,0.500000,0.400000,4.000000,17,200,49,739,1260,Strengthened CPLEX MILP heuristic-start,15,15.000000,1,0,0.060797,15,600.000000,1,8,2079.000000,1340.000000,0.787500,-1.000000,10.000000,1.000000,independent,exact,independent
50,0.500000,0.400000,4.000000,18,200,50,798,1405,Strengthened CPLEX MILP heuristic-start,16,16.000000,1,0,0.075287,16,600.000000,1,8,2283.000000,1485.000000,0.878125,-1.000000,10.000000,1.000000,independent,exact,independent
50,0.500000,0.400000,4.000000,19,200,49,796,1263,Strengthened CPLEX MILP heuristic-start,14,14.000000,1,0,0.073630,14,600.000000,1,8,2139.000000,1343.000000,0.789375,-1.000000,10.000000,1.000000,independent,exact,independent
50,0.500000,0.400000,4.000000,0,200,40,814,1289,Strengthened CPLEX MILP heuristic-start,21,21.000000,1,0,0.058599,21,600.000000,1,9,2193.000000,1379.000000,0.716111,-1.000000,10.000000,1.000000,negative,exact,negative
50,0.500000,0.400000,4.000000,1,200,41,859,1096,Strengthened CPLEX MILP heuristic-start,20,20.000000,1,0,0.058084,20,600.000000,1,6,2015.000000,1156.000000,0.913333,-1.000000,10.000000,1.000000,negative,exact,negative
50,0.500000,0.400000,4.000000,2,200,44,916,1281,Strengthened CPLEX MILP heuristic-start,17,17.000000,1,170,0.733583,18,600.000000,1,10,2297.000000,1381.000000,0.640500,-1.000000,10.000000,1.000000,negative,exact,negative
50,0.500000,0.400000,4.000000,3,196,36,741,1482,Strengthened CPLEX MILP heuristic-start,20,20.000000,1,1090,0.916287,21,600.000000,1,13,2353.000000,1612.000000,0.581633,-1.000000,10.000000,1.000000,negative,exact,negative
50,0.500000,0.400000,4.000000,4,200,44,756,1285,Strengthened CPLEX MILP heuristic-start,21,21.000000,1,0,0.072337,21,600.000000,1,8,2121.000000,1365.000000,0.803125,-1.000000,10.000000,1.000000,negative,exact,negative
50,0.500000,0.400000,4.000000,5,200,40,849,1440,Strengthened CPLEX MILP heuristic-start,24,24.000000,1,0,0.074442,24,600.000000,1,8,2369.000000,1520.000000,0.900000,-1.000000,10.000000,1.000000,negative,exact,negative
50,0.500000,0.400000,4.000000,6,200,41,855,1331,Strengthened CPLEX MILP heuristic-start,21,21.000000,1,0,0.071688,21,600.000000,1,8,2266.000000,1411.000000,0.831875,-1.000000,10.000000,1.000000,negative,exact,negative
50,0.500000,0.400000,4.000000,7,200,36,898,1433,Strengthened CPLEX MILP heuristic-start,21,21.000000,1,2329,3.770298,22,600.000000,1,15,2481.000000,1583.000000,0.477667,-1.000000,10.000000,1.000000,negative,exact,negative
50,0.500000,0.400000,4.000000,8,196,42,847,1387,Strengthened CPLEX MILP heuristic-start,19,19.000000,1,0,0.079775,19,600.000000,1,10,2334.000000,1487.000000,0.707653,-1.000000,10.000000,1.000000,negative,exact,negative
50,0.500000,0.400000,4.000000,9,192,41,838,1203,Strengthened CPLEX MILP heuristic-start,22,22.000000,1,0,0.073980,22,600.000000,1,8,2121.000000,1283.000000,0.783203,-1.000000,10.000000,1.000000,negative,exact,negative
50,0.500000,0.400000,4.000000,10,196,40,882,1271,Strengthened CPLEX MILP heuristic-start,16,16.000000,1,0,0.078315,16,600.000000,1,8,2233.000000,1351.000000,0.810587,-1.000000,10.000000,1.000000,negative,exact,negative
50,0.500000,0.400000,4.000000,11,196,42,787,1223,Strengthened CPLEX MILP heuristic-start,23,23.000000,1,0,0.061628,23,600.000000,1,7,2080.000000,1293.000000,0.891399,-1.000000,10.000000,1.000000,negative,exact,negative
50,0.500000,0.400000,4.000000,12,200,40,829,1264,Strengthened CPLEX MILP heuristic-start,22,22.000000,1,0,0.081351,22,600.000000,1,7,2163.000000,1334.000000,0.902857,-1.000000,10.000000,1.000000,negative,exact,negative
50,0.500000,0.400000,4.000000,13,200,40,794,1225,Strengthened CPLEX MILP heuristic-start,22,22.000000,1,0,0.055409,22,600.000000,1,8,2099.000000,1305.000000,0.765625,-1.000000,10.000000,1.000000,negative,exact,negative
50,0.500000,0.400000,4.000000,14,188,35,742,1203,Strengthened CPLEX MILP heuristic-start,21,21.000000,1,0,0.065445,21,600.000000,1,7,2015.000000,1273.000000,0.914134,-1.000000,10.000000,1.000000,negative,exact,negative
50,0.500000,0.400000,4.000000,15,200,42,815,1298,Strengthened CPLEX MILP heuristic-start,21,21.000000,1,0,0.054561,21,600.000000,1,8,2193.000000,1378.000000,0.811250,-1.000000,10.000000,1.000000,negative,exact,negative
50,0.500000,0.400000,4.000000,16,200,41,801,1406,Strengthened CPLEX MILP heuristic-start,24,24.000000,1,0,0.078295,24,600.000000,1,8,2287.000000,1486.000000,0.878750,-1.000000,10.000000,1.000000,negative,exact,negative
50,0.500000,0.400000,4.000000,17,200,40,739,1260,Strengthened CPLEX MILP heuristic-start,20,20.000000,1,0,0.059384,20,600.000000,1,7,2069.000000,1330.000000,0.900000,-1.000000,10.000000,1.000000,negative,exact,negative
50,0.500000,0.400000,4.000000,18,200,42,798,1405,Strengthened CPLEX MILP heuristic-start,22,22.000000,1,0,0.076605,22,600.000000,1,9,2293.000000,1495.000000,0.780556,-1.000000,10.000000,1.000000,negative,exact,negative
50,0.500000,0.400000,4.000000,19,200,42,796,1263,Strengthened CPLEX MILP heuristic-start,22,22.000000,1,0,0.077204,22,600.000000,1,8,2139.000000,1343.000000,0.789375,-1.000000,10.000000,1.000000,negative,exact,negative
100,0.500000,0.400000,4.000000,0,200,54,1576,2692,GRASP-PR heuristic,20,20.000000,1,0,0.009865,20,30.000000,1,15,4418.000000,2842.000000,0.897333,-1.000000,10.000000,1.000000,positive,robust,positive
100,0.500000,0.400000,4.000000,1,200,57,1480,2515,GRASP-PR heuristic,23,23.000000,1,0,0.009193,23,30.000000,1,15,4145.000000,2665.000000,0.838333,-1.000000,10.000000,1.000000,positive,robust,positive
100,0.500000,0.400000,4.000000,2,200,59,1683,2639,GRASP-PR heuristic,28,28.000000,1,0,0.009310,28,30.000000,1,15,4472.000000,2789.000000,0.879667,-1.000000,10.000000,1.000000,positive,robust,positive
100,0.500000,0.400000,4.000000,3,200,61,1639,2733,GRASP-PR heuristic,26,26.000000,1,0,0.009792,26,30.000000,1,16,4532.000000,2893.000000,0.854063,-1.000000,10.000000,1.000000,positive,robust,positive
100,0.500000,0.400000,4.000000,4,196,53,1601,2654,GRASP-PR heuristic,24,24.000000,1,0,0.010158,24,30.000000,1,15,4405.000000,2804.000000,0.902721,-1.000000,10.000000,1.000000,positive,robust,positive
100,0.500000,0.400000,4.000000,5,200,58,1582,2717,GRASP-PR heuristic,25,25.000000,1,0,0.010211,25,30.000000,1,15,4449.000000,2867.000000,0.905667,-1.000000,10.000000,1.000000,positive,robust,positive
100,0.500000,0.400000,4.000000,6,200,57,1515,2505,GRASP-PR heuristic,22,22.000000,1,0,0.009564,22,30.000000,1,15,4170.000000,2655.000000,0.835000,-1.000000,10.000000,1.000000,positive,robust,positive
100,0.500000,0.400000,4.000000,7,200,60,1648,2548,GRASP-PR heuristic,24,24.000000,1,0,0.009628,24,30.000000,1,15,4346.000000,2698.000000,0.849333,-1.000000,10.000000,1.000000,positive,robust,positive
100,0.500000,0.400000,4.000000,8,196,53,1657,2540,GRASP-PR heuristic,24,24.000000,1,0,0.009481,24,30.000000,1,14,4337.000000,2680.000000,0.925656,-1.000000,10.000000,1.000000,positive,robust,positive
100,0.500000,0.400000,4.000000,9,200,60,1475,2435,GRASP-PR heuristic,23,23.000000,1,0,0.009120,23,30.000000,1,14,4050.000000,2575.000000,0.869643,-1.000000,10.000000,1.000000,positive,robust,positive
100,0.500000,0.400000,4.000000,10,196,64,1499,2612,GRASP-PR heuristic,23,23.000000,1,0,0.009825,23,30.000000,1,15,4261.000000,2762.000000,0.888435,-1.000000,10.000000,1.000000,positive,robust,positive
100,0.500000,0.400000,4.000000,11,200,57,1637,2454,GRASP-PR heuristic,23,23.000000,1,0,0.008670,23,30.000000,1,14,4231.000000,2594.000000,0.876429,-1.000000,10.000000,1.000000,positive,robust,positive
100,0.500000,0.400000,4.000000,12,196,61,1555,2613,GRASP-PR heuristic,23,23.000000,1,0,0.009767,23,30.000000,1,15,4318.000000,2763.000000,0.888776,-1.000000,10.000000,1.000000,positive,robust,positive
100,0.500000,0.400000,4.000000,13,200,63,1605,2686,GRASP-PR heuristic,23,23.000000,1,0,0.009943,23,30.000000,1,15,4441.000000,2836.000000,0.895333,-1.000000,10.000000,1.000000,positive,robust,positive
100,0.500000,0.400000,4.000000,14,200,57,1529,2675,GRASP-PR heuristic,25,25.000000,1,0,0.010050,25,30.000000,1,15,4354.000000,2825.000000,0.891667,-1.000000,10.000000,1.000000,positive,robust,positive
100,0.500000,0.400000,4.000000,15,200,59,1657,2436,GRASP-PR heuristic,27,27.000000,1,0,0.008902,27,30.000000,1,14,4233.000000,2576.000000,0.870000,-1.000000,10.000000,1.000000,positive,robust,positive
100,0.500000,0.400000,4.000000,16,200,59,1506,2635,GRASP-PR heuristic,22,22.000000,1,0,0.009828,22,30.000000,1,15,4291.000000,2785.000000,0.878333,-1.000000,10.000000,1.000000,positive,robust,positive
100,0.500000,0.400000,4.000000,17,200,56,1718,2800,GRASP-PR heuristic,24,24.000000,1,0,0.010708,24,30.000000,1,16,4678.000000,2960.000000,0.875000,-1.000000,10.000000,1.000000,positive,robust,positive
100,0.500000,0.400000,4.000000,18,196,58,1633,2608,GRASP-PR heuristic,22,22.000000,1,0,0.009730,22,30.000000,1,15,4391.000000,2758.000000,0.887075,-1.000000,10.000000,1.000000,positive,robust,positive
100,0.500000,0.400000,4.000000,19,200,55,1553,2768,GRASP-PR heuristic,24,24.000000,1,0,0.010514,24,30.000000,1,16,4481.000000,2928.000000,0.865000,-1.000000,10.000000,1.000000,positive,robust,positive
100,0.500000,0.400000,4.000000,0,200,97,1576,2692,GRASP-PR heuristic,24,24.000000,1,0,0.010370,24,30.000000,1,15,4418.000000,2842.000000,0.897333,-1.000000,10.000000,1.000000,independent,robust,independent
100,0.500000,0.400000,4.000000,1,200,96,1480,2515,GRASP-PR heuristic,27,27.000000,1,0,0.009627,27,30.000000,1,14,4135.000000,2655.000000,0.898214,-1.000000,10.000000,1.000000,independent,robust,independent
100,0.500000,0.400000,4.000000,2,200,96,1683,2639,GRASP-PR heuristic,36,36.000000,1,0,0.010342,36,30.000000,1,15,4472.000000,2789.000000,0.879667,-1.000000,10.000000,1.000000,independent,robust,independent
100,0.500000,0.400000,4.000000,3,200,97,1639,2733,GRASP-PR heuristic,31,31.000000,1,0,0.010226,31,30.000000,1,16,4532.000000,2893.000000,0.854063,-1.000000,10.000000,1.000000,independent,robust,independent
100,0.500000,0.400000,4.000000,4,196,98,1601,2654,GRASP-PR heuristic,27,27.000000,1,17886,0.484985,28,30.000000,1,15,4405.000000,2804.000000,0.902721,-1.000000,10.000000,1.000000,independent,robust,independent
100,0.500000,0.400000,4.000000,5,200,98,1582,2717,GRASP-PR heuristic,30,30.000000,1,0,0.010579,30,30.000000,1,15,4449.000000,2867.000000,0.905667,-1.000000,10.000000,1.000000,independent,robust,independent
100,0.500000,0.400000,4.000000,6,200,98,1515,2505,GRASP-PR heuristic,27,27.000000,1,0,0.009671,27,30.000000,1,14,4160.000000,2645.000000,0.894643,-1.000000,10.000000,1.000000,independent,robust,independent
100,0.500000,0.400000,4.000000,7,200,96,1648,2548,GRASP-PR heuristic,29,29.000000,1,0,0.009928,29,30.000000,1,16,4356.000000,2708.000000,0.796250,-1.000000,10.000000,1.000000,independent,robust,independent
100,0.500000,0.400000,4.000000,8,196,95,1657,2540,GRASP-PR heuristic,29,29.000000,1,0,0.009921,29,30.000000,1,15,4347.000000,2690.000000,0.863946,-1.000000,10.000000,1.000000,independent,robust,independent
100,0.500000,0.400000,4.000000,9,200,99,1475,2435,GRASP-PR heuristic,28,28.000000,1,0,0.009377,28,30.000000,1,14,4050.000000,2575.000000,0.869643,-1.000000,10.000000,1.000000,independent,robust,independent
100,0.500000,0.400000,4.000000,10,196,98,1499,2612,GRASP-PR heuristic,28,28.000000,1,1090,0.039086,29,30.000000,1,14,4251.000000,2752.000000,0.951895,-1.000000,10.000000,1.000000,independent,robust,independent
100,0.500000,0.400000,4.000000,11,200,94,1637,2454,GRASP-PR heuristic,32,32.000000,1,0,0.009704,32,30.000000,1,14,4231.000000,2594.000000,0.876429,-1.000000,10.000000,1.000000,independent,robust,independent
100,0.500000,0.400000,4.000000,12,196,98,1555,2613,GRASP-PR heuristic,28,28.000000,1,0,0.009843,28,30.000000,1,16,4328.000000,2773.000000,0.833227,-1.000000,10.000000,1.000000,independent,robust,independent
100,0.500000,0.400000,4.000000,13,200,96,1605,2686,GRASP-PR heuristic,26,26.000000,1,0,0.010687,26,30.000000,1,15,4441.000000,2836.000000,0.895333,-1.000000,10.000000,1.000000,independent,robust,independent
100,0.500000,0.400000,4.000000,14,200,95,1529,2675,GRASP-PR heuristic,30,30.000000,1,0,0.010219,30,30.000000,1,15,4354.000000,2825.000000,0.891667,-1.000000,10.000000,1.000000,independent,robust,independent
100,0.500000,0.400000,4.000000,15,200,95,1657,2436,GRASP-PR heuristic,31,31.000000,1,0,0.009248,31,30.000000,1,14,4233.000000,2576.000000,0.870000,-1.000000,10.000000,1.000000,independent,robust,independent
100,0.500000,0.400000,4.000000,16,200,97,1506,2635,GRASP-PR heuristic,27,26.000000,0,575401,15.070787,27,30.000000,1,14,4281.000000,2775.000000,0.941071,-1.000000,10.000000,1.000000,independent,robust,independent
100,0.500000,0.400000,4.000000,17,200,98,1718,2800,GRASP-PR heuristic,28,28.000000,1,0,0.010708,28,30.000000,1,16,4678.000000,2960.000000,0.875000,-1.000000,10.000000,1.000000,independent,robust,independent
100,0.500000,0.400000,4.000000,18,196,97,1633,2608,GRASP-PR heuristic,27,26.000000,0,568832,15.084557,27,30.000000,1,14,4381.000000,2748.000000,0.950437,-1.000000,10.000000,1.000000,independent,robust,independent
100,0.500000,0.400000,4.000000,19,200,96,1553,2768,GRASP-PR heuristic,28,28.000000,1,0,0.010449,28,30.000000,1,16,4481.000000,2928.000000,0.865000,-1.000000,10.000000,1.000000,independent,robust,independent
100,0.500000,0.400000,4.000000,0,200,54,1576,2692,GRASP-PR heuristic,36,36.000000,1,0,0.009972,36,30.000000,1,16,4428.000000,2852.000000,0.841250,-1.000000,10.000000,1.000000,negative,robust,negative
100,0.500000,0.400000,4.000000,1,200,57,1480,2515,GRASP-PR heuristic,39,39.000000,1,0,0.009467,39,30.000000,1,15,4145.000000,2665.000000,0.838333,-1.000000,10.000000,1.000000,negative,robust,negative
100,0.500000,0.400000,4.000000,2,200,59,1683,2639,GRASP-PR heuristic,47,47.000000,1,0,0.009843,47,30.000000,1,16,4482.000000,2799.000000,0.824687,-1.000000,10.000000,1.000000,negative,robust,negative
100,0.500000,0.400000,4.000000,3,200,57,1639,2733,GRASP-PR heuristic,44,44.000000,1,0,0.010053,44,30.000000,1,16,4532.000000,2893.000000,0.854063,-1.000000,10.000000,1.000000,negative,robust,negative
100,0.500000,0.400000,4.000000,4,196,59,1601,2654,GRASP-PR heuristic,38,37.000000,0,537730,15.054809,38,30.000000,1,15,4405.000000,2804.000000,0.902721,-1.000000,10.000000,1.000000,negative,robust,negative
100,0.500000,0.400000,4.000000,5,200,55,1582,2717,GRASP-PR heuristic,42,42.000000,1,0,0.010244,42,30.000000,1,16,4459.000000,2877.000000,0.849062,-1.000000,10.000000,1.000000,negative,robust,negative
100,0.500000,0.400000,4.000000,6,200,59,1515,2505,GRASP-PR heuristic,36,36.000000,1,0,0.009158,36,30.000000,1,15,4170.000000,2655.000000,0.835000,-1.000000,10.000000,1.000000,negative,robust,negative
100,0.500000,0.400000,4.000000,7,200,60,1648,2548,GRASP-PR heuristic,43,42.000000,0,504946,15.006041,43,30.000000,1,14,4336.000000,2688.000000,0.910000,-1.000000,10.000000,1.000000,negative,robust,negative
100,0.500000,0.400000,4.000000,8,196,58,1657,2540,GRASP-PR heuristic,40,40.000000,1,0,0.009567,40,30.000000,1,15,4347.000000,2690.000000,0.863946,-1.000000,10.000000,1.000000,negative,robust,negative
100,0.500000,0.400000,4.000000,9,200,60,1475,2435,GRASP-PR heuristic,42,42.000000,1,0,0.009223,42,30.000000,1,14,4050.000000,2575.000000,0.869643,-1.000000,10.000000,1.000000,negative,robust,negative
100,0.500000,0.400000,4.000000,10,196,62,1499,2612,GRASP-PR heuristic,38,38.000000,1,0,0.009852,38,30.000000,1,16,4271.000000,2772.000000,0.832908,-1.000000,10.000000,1.000000,negative,robust,negative
100,0.500000,0.400000,4.000000,11,200,49,1637,2454,GRASP-PR heuristic,43,43.000000,1,0,0.009078,43,30.000000,1,14,4231.000000,2594.000000,0.876429,-1.000000,10.000000,1.000000,negative,robust,negative
100,0.500000,0.400000,4.000000,12,196,59,1555,2613,GRASP-PR heuristic,43,43.000000,1,0,0.009849,43,30.000000,1,15,4318.000000,2763.000000,0.888776,-1.000000,10.000000,1.000000,negative,robust,negative
100,0.500000,0.400000,4.000000,13,200,63,1605,2686,GRASP-PR heuristic,36,36.000000,1,0,0.009671,36,30.000000,1,16,4451.000000,2846.000000,0.839375,-1.000000,10.000000,1.000000,negative,robust,negative
100,0.500000,0.400000,4.000000,14,200,58,1529,2675,GRASP-PR heuristic,41,40.000000,0,517818,15.066281,41,30.000000,1,15,4354.000000,2825.000000,0.891667,-1.000000,10.000000,1.000000,negative,robust,negative
100,0.500000,0.400000,4.000000,15,200,60,1657,2436,GRASP-PR heuristic,43,43.000000,1,29180,0.929707,44,30.000000,1,13,4223.000000,2566.000000,0.936923,-1.000000,10.000000,1.000000,negative,robust,negative
100,0.500000,0.400000,4.000000,16,200,54,1506,2635,GRASP-PR heuristic,39,39.000000,1,0,0.009929,39,30.000000,1,15,4291.000000,2785.000000,0.878333,-1.000000,10.000000,1.000000,negative,robust,negative
100,0.500000,0.400000,4.000000,17,200,57,1718,2800,GRASP-PR heuristic,39,39.000000,1,0,0.010463,39,30.000000,1,16,4678.000000,2960.000000,0.875000,-1.000000,10.000000,1.000000,negative,robust,negative
100,0.500000,0.400000,4.000000,18,196,54,1633,2608,GRASP-PR heuristic,41,41.000000,1,0,0.009532,41,30.000000,1,16,4401.000000,2768.000000,0.831633,-1.000000,10.000000,1.000000,negative,robust,negative
100,0.500000,0.400000,4.000000,19,200,61,1553,2768,GRASP-PR heuristic,43,43.000000,1,0,0.010151,43,30.000000,1,16,4481.000000,2928.000000,0.865000,-1.000000,10.000000,1.000000,negative,robust,negative
