n,theta,R,sigma,rep,capacity,actual_types,sum_p,sum_e,algorithm,objective,best_bound,certified,nodes,runtime,incumbent_initial,time_limit,available,recharges,makespan,total_recharge_time,battery_utilization
50,0.500000,0.400000,2.000000,0,100,48,814,1289,"Strengthened CPLEX MILP heuristic-start",16,16.000000,1,5090,5.058874,17,600.000000,1,23,2333.000000,1519.000000,0.560435
50,0.500000,0.400000,2.000000,1,100,47,859,1096,"Strengthened CPLEX MILP heuristic-start",13,13.000000,1,0,0.051706,13,600.000000,1,14,2095.000000,1236.000000,0.782857
50,0.500000,0.400000,2.000000,2,100,49,916,1281,"Strengthened CPLEX MILP heuristic-start",13,13.000000,1,0,0.062080,13,600.000000,1,15,2347.000000,1431.000000,0.854000
50,0.500000,0.400000,2.000000,3,98,49,741,1482,"Strengthened CPLEX MILP heuristic-start",16,16.000000,1,2000,1.704203,17,600.000000,1,24,2463.000000,1722.000000,0.630102
50,0.500000,0.400000,2.000000,4,100,49,756,1285,"Strengthened CPLEX MILP heuristic-start",18,18.000000,1,0,0.045225,18,600.000000,1,16,2201.000000,1445.000000,0.803125
50,0.500000,0.400000,2.000000,5,100,49,849,1440,"Strengthened CPLEX MILP heuristic-start",19,19.000000,1,0,0.062059,19,600.000000,1,17,2459.000000,1610.000000,0.847059
50,0.500000,0.400000,2.000000,6,100,49,855,1331,"Strengthened CPLEX MILP heuristic-start",15,15.000000,1,1418,1.495000,16,600.000000,1,18,2366.000000,1511.000000,0.739444
50,0.500000,0.400000,2.000000,7,100,49,898,1433,"Strengthened CPLEX MILP heuristic-start",17,17.000000,1,0,0.043813,17,600.000000,1,17,2501.000000,1603.000000,0.842941
50,0.500000,0.400000,2.000000,8,98,50,847,1387,"Strengthened CPLEX MILP heuristic-start",15,15.000000,1,2721,3.564710,16,600.000000,1,23,2464.000000,1617.000000,0.615350
50,0.500000,0.400000,2.000000,9,96,50,838,1203,"Strengthened CPLEX MILP heuristic-start",17,17.000000,1,0,0.048627,17,600.000000,1,15,2191.000000,1353.000000,0.835417
50,0.500000,0.400000,2.000000,10,98,49,882,1271,"Strengthened CPLEX MILP heuristic-start",14,14.000000,1,0,0.064064,14,600.000000,1,15,2303.000000,1421.000000,0.864626
50,0.500000,0.400000,2.000000,11,98,49,787,1223,"Strengthened CPLEX MILP heuristic-start",14,14.000000,1,0,0.060464,14,600.000000,1,16,2170.000000,1383.000000,0.779974
50,0.500000,0.400000,2.000000,12,100,48,829,1264,"Strengthened CPLEX MILP heuristic-start",18,18.000000,1,0,0.050286,18,600.000000,1,15,2243.000000,1414.000000,0.842667
50,0.500000,0.400000,2.000000,13,100,50,794,1225,"Strengthened CPLEX MILP heuristic-start",17,17.000000,1,0,0.045160,17,600.000000,1,15,2169.000000,1375.000000,0.816667
50,0.500000,0.400000,2.000000,14,94,49,742,1203,"Strengthened CPLEX MILP heuristic-start",15,15.000000,1,0,0.058528,15,600.000000,1,16,2105.000000,1363.000000,0.799867
50,0.500000,0.400000,2.000000,15,100,48,815,1298,"Strengthened CPLEX MILP heuristic-start",17,17.000000,1,321,0.774331,18,600.000000,1,20,2313.000000,1498.000000,0.649000
50,0.500000,0.400000,2.000000,16,100,49,801,1406,"Strengthened CPLEX MILP heuristic-start",17,17.000000,1,0,0.063944,17,600.000000,1,17,2377.000000,1576.000000,0.827059
50,0.500000,0.400000,2.000000,17,100,50,739,1260,"Strengthened CPLEX MILP heuristic-start",16,16.000000,1,0,0.047492,16,600.000000,1,16,2159.000000,1420.000000,0.787500
50,0.500000,0.400000,2.000000,18,100,49,798,1405,"Strengthened CPLEX MILP heuristic-start",17,16.000000,0,378071,600.065986,17,600.000000,1,17,2373.000000,1575.000000,0.826471
50,0.500000,0.400000,2.000000,19,100,50,796,1263,"Strengthened CPLEX MILP heuristic-start",15,15.000000,1,0,0.061157,15,600.000000,1,16,2219.000000,1423.000000,0.789375
50,0.500000,0.400000,2.000000,20,98,49,737,1446,"Strengthened CPLEX MILP heuristic-start",19,19.000000,1,0,0.047856,19,600.000000,1,19,2373.000000,1636.000000,0.776584
50,0.500000,0.400000,2.000000,21,94,50,785,1280,"Strengthened CPLEX MILP heuristic-start",16,16.000000,1,884868,582.532853,17,600.000000,1,23,2295.000000,1510.000000,0.592044
50,0.500000,0.400000,2.000000,22,94,49,840,1346,"Strengthened CPLEX MILP heuristic-start",14,14.000000,1,0,0.064907,14,600.000000,1,17,2356.000000,1516.000000,0.842303
50,0.500000,0.400000,2.000000,23,98,46,790,1213,"Strengthened CPLEX MILP heuristic-start",15,15.000000,1,2098,3.342356,16,600.000000,1,21,2213.000000,1423.000000,0.589407
50,0.500000,0.400000,2.000000,24,94,50,830,1166,"Strengthened CPLEX MILP heuristic-start",14,14.000000,1,0,0.063999,14,600.000000,1,14,2136.000000,1306.000000,0.886018
50,0.500000,0.400000,2.000000,25,100,50,717,1442,"Strengthened CPLEX MILP heuristic-start",15,15.000000,1,0,0.054356,15,600.000000,1,17,2329.000000,1612.000000,0.848235
50,0.500000,0.400000,2.000000,26,98,50,754,1378,"Strengthened CPLEX MILP heuristic-start",15,15.000000,1,0,0.053578,15,600.000000,1,17,2302.000000,1548.000000,0.827131
50,0.500000,0.400000,2.000000,27,100,49,800,1339,"Strengthened CPLEX MILP heuristic-start",15,15.000000,1,0,0.060499,15,600.000000,1,17,2309.000000,1509.000000,0.787647
50,0.500000,0.400000,2.000000,28,100,50,831,1308,"Strengthened CPLEX MILP heuristic-start",17,17.000000,1,2229,2.595846,18,600.000000,1,21,2349.000000,1518.000000,0.622857
50,0.500000,0.400000,2.000000,29,100,50,838,1363,"Strengthened CPLEX MILP heuristic-start",15,15.000000,1,12287,11.094431,16,600.000000,1,22,2421.000000,1583.000000,0.619545
50,0.500000,0.400000,2.500000,0,125,48,814,1289,"Strengthened CPLEX MILP heuristic-start",15,15.000000,1,142612,248.287233,16,600.000000,1,17,2273.000000,1459.000000,0.606588
50,0.500000,0.400000,2.500000,1,125,47,859,1096,"Strengthened CPLEX MILP heuristic-start",13,13.000000,1,0,0.053316,13,600.000000,1,11,2065.000000,1206.000000,0.797091
50,0.500000,0.400000,2.500000,2,125,49,916,1281,"Strengthened CPLEX MILP heuristic-start",13,13.000000,1,0,0.064669,13,600.000000,1,12,2317.000000,1401.000000,0.854000
50,0.500000,0.400000,2.500000,3,123,49,741,1482,"Strengthened CPLEX MILP heuristic-start",16,16.000000,1,0,0.045560,16,600.000000,1,15,2373.000000,1632.000000,0.803252
50,0.500000,0.400000,2.500000,4,125,49,756,1285,"Strengthened CPLEX MILP heuristic-start",18,18.000000,1,0,0.047154,18,600.000000,1,12,2161.000000,1405.000000,0.856667
50,0.500000,0.400000,2.500000,5,125,49,849,1440,"Strengthened CPLEX MILP heuristic-start",19,19.000000,1,0,0.063750,19,600.000000,1,13,2419.000000,1570.000000,0.886154
50,0.500000,0.400000,2.500000,6,125,49,855,1331,"Strengthened CPLEX MILP heuristic-start",15,15.000000,1,0,0.060044,15,600.000000,1,13,2316.000000,1461.000000,0.819077
50,0.500000,0.400000,2.500000,7,125,49,898,1433,"Strengthened CPLEX MILP heuristic-start",16,16.000000,1,99808,99.486053,17,600.000000,1,19,2521.000000,1623.000000,0.603368
50,0.500000,0.400000,2.500000,8,123,50,847,1387,"Strengthened CPLEX MILP heuristic-start",15,15.000000,1,0,0.050403,15,600.000000,1,13,2364.000000,1517.000000,0.867417
50,0.500000,0.400000,2.500000,9,120,50,838,1203,"Strengthened CPLEX MILP heuristic-start",17,17.000000,1,0,0.047258,17,600.000000,1,13,2171.000000,1333.000000,0.771154
50,0.500000,0.400000,2.500000,10,123,49,882,1271,"Strengthened CPLEX MILP heuristic-start",14,14.000000,1,0,0.066926,14,600.000000,1,13,2283.000000,1401.000000,0.794872
50,0.500000,0.400000,2.500000,11,123,49,787,1223,"Strengthened CPLEX MILP heuristic-start",14,14.000000,1,0,0.061962,14,600.000000,1,13,2140.000000,1353.000000,0.764853
50,0.500000,0.400000,2.500000,12,125,48,829,1264,"Strengthened CPLEX MILP heuristic-start",18,18.000000,1,0,0.069842,18,600.000000,1,13,2223.000000,1394.000000,0.777846
50,0.500000,0.400000,2.500000,13,125,50,794,1225,"Strengthened CPLEX MILP heuristic-start",16,16.000000,1,0,0.048948,16,600.000000,1,12,2139.000000,1345.000000,0.816667
50,0.500000,0.400000,2.500000,14,118,49,742,1203,"Strengthened CPLEX MILP heuristic-start",15,15.000000,1,1134,0.928706,15,600.000000,1,12,2065.000000,1323.000000,0.849576
50,0.500000,0.400000,2.500000,15,125,48,815,1298,"Strengthened CPLEX MILP heuristic-start",17,17.000000,1,0,0.050276,17,600.000000,1,13,2243.000000,1428.000000,0.798769
50,0.500000,0.400000,2.500000,16,125,49,801,1406,"Strengthened CPLEX MILP heuristic-start",17,17.000000,1,0,0.064720,17,600.000000,1,14,2347.000000,1546.000000,0.803429
50,0.500000,0.400000,2.500000,17,125,50,739,1260,"Strengthened CPLEX MILP heuristic-start",16,16.000000,1,0,0.049058,16,600.000000,1,13,2129.000000,1390.000000,0.775385
50,0.500000,0.400000,2.500000,18,125,49,798,1405,"Strengthened CPLEX MILP heuristic-start",16,16.000000,1,0,0.063534,16,600.000000,1,14,2343.000000,1545.000000,0.802857
50,0.500000,0.400000,2.500000,19,125,50,796,1263,"Strengthened CPLEX MILP heuristic-start",15,15.000000,1,0,0.062918,15,600.000000,1,13,2189.000000,1393.000000,0.777231
50,0.500000,0.400000,2.500000,20,123,49,737,1446,"Strengthened CPLEX MILP heuristic-start",19,19.000000,1,0,0.047288,19,600.000000,1,16,2343.000000,1606.000000,0.734756
50,0.500000,0.400000,2.500000,21,118,50,785,1280,"Strengthened CPLEX MILP heuristic-start",16,16.000000,1,0,0.060181,16,600.000000,1,13,2195.000000,1410.000000,0.834420
50,0.500000,0.400000,2.500000,22,118,49,840,1346,"Strengthened CPLEX MILP heuristic-start",14,14.000000,1,0,0.064854,14,600.000000,1,14,2326.000000,1486.000000,0.814770
50,0.500000,0.400000,2.500000,23,123,46,790,1213,"Strengthened CPLEX MILP heuristic-start",15,15.000000,1,0,0.067177,15,600.000000,1,12,2123.000000,1333.000000,0.821816
50,0.500000,0.400000,2.500000,24,118,50,830,1166,"Strengthened CPLEX MILP heuristic-start",14,14.000000,1,0,0.066071,14,600.000000,1,12,2116.000000,1286.000000,0.823446
50,0.500000,0.400000,2.500000,25,125,50,717,1442,"Strengthened CPLEX MILP heuristic-start",15,15.000000,1,0,0.056056,15,600.000000,1,15,2309.000000,1592.000000,0.769067
50,0.500000,0.400000,2.500000,26,123,50,754,1378,"Strengthened CPLEX MILP heuristic-start",14,14.000000,1,2397,3.538911,15,600.000000,1,20,2332.000000,1578.000000,0.560163
50,0.500000,0.400000,2.500000,27,125,49,800,1339,"Strengthened CPLEX MILP heuristic-start",15,15.000000,1,0,0.059735,15,600.000000,1,13,2269.000000,1469.000000,0.824000
50,0.500000,0.400000,2.500000,28,125,50,831,1308,"Strengthened CPLEX MILP heuristic-start",16,16.000000,1,76488,36.353891,17,600.000000,1,15,2289.000000,1458.000000,0.697600
50,0.500000,0.400000,2.500000,29,125,50,838,1363,"Strengthened CPLEX MILP heuristic-start",15,15.000000,1,0,0.081800,15,600.000000,1,14,2341.000000,1503.000000,0.778857
50,0.500000,0.400000,3.000000,0,150,48,814,1289,"Strengthened CPLEX MILP heuristic-start",15,15.000000,1,0,0.055330,15,600.000000,1,11,2213.000000,1399.000000,0.781212
50,0.500000,0.400000,3.000000,1,150,47,859,1096,"Strengthened CPLEX MILP heuristic-start",13,13.000000,1,0,0.055633,13,600.000000,1,9,2045.000000,1186.000000,0.811852
50,0.500000,0.400000,3.000000,2,150,49,916,1281,"Strengthened CPLEX MILP heuristic-start",13,13.000000,1,0,0.065386,13,600.000000,1,10,2297.000000,1381.000000,0.854000
50,0.500000,0.400000,3.000000,3,147,49,741,1482,"Strengthened CPLEX MILP heuristic-start",16,16.000000,1,0,0.048374,16,600.000000,1,12,2343.000000,1602.000000,0.840136
50,0.500000,0.400000,3.000000,4,150,49,756,1285,"Strengthened CPLEX MILP heuristic-start",18,18.000000,1,0,0.049718,18,600.000000,1,11,2151.000000,1395.000000,0.778788
50,0.500000,0.400000,3.000000,5,150,49,849,1440,"Strengthened CPLEX MILP heuristic-start",19,19.000000,1,0,0.064451,19,600.000000,1,12,2409.000000,1560.000000,0.800000
50,0.500000,0.400000,3.000000,6,150,49,855,1331,"Strengthened CPLEX MILP heuristic-start",15,15.000000,1,0,0.061544,15,600.000000,1,10,2286.000000,1431.000000,0.887333
50,0.500000,0.400000,3.000000,7,150,49,898,1433,"Strengthened CPLEX MILP heuristic-start",16,16.000000,1,1000,0.817411,17,600.000000,1,18,2511.000000,1613.000000,0.530741
50,0.500000,0.400000,3.000000,8,147,50,847,1387,"Strengthened CPLEX MILP heuristic-start",15,15.000000,1,0,0.050931,15,600.000000,1,11,2344.000000,1497.000000,0.857761
50,0.500000,0.400000,3.000000,9,144,50,838,1203,"Strengthened CPLEX MILP heuristic-start",17,17.000000,1,0,0.048523,17,600.000000,1,11,2151.000000,1313.000000,0.759470
50,0.500000,0.400000,3.000000,10,147,49,882,1271,"Strengthened CPLEX MILP heuristic-start",13,13.000000,1,220,0.420713,14,600.000000,1,11,2263.000000,1381.000000,0.786024
50,0.500000,0.400000,3.000000,11,147,49,787,1223,"Strengthened CPLEX MILP heuristic-start",14,14.000000,1,0,0.063151,14,600.000000,1,11,2120.000000,1333.000000,0.756339
50,0.500000,0.400000,3.000000,12,150,48,829,1264,"Strengthened CPLEX MILP heuristic-start",17,17.000000,1,2125,1.414627,18,600.000000,1,14,2233.000000,1404.000000,0.601905
50,0.500000,0.400000,3.000000,13,150,50,794,1225,"Strengthened CPLEX MILP heuristic-start",16,16.000000,1,0,0.050117,16,600.000000,1,10,2119.000000,1325.000000,0.816667
50,0.500000,0.400000,3.000000,14,141,49,742,1203,"Strengthened CPLEX MILP heuristic-start",14,14.000000,1,0,0.060024,14,600.000000,1,10,2045.000000,1303.000000,0.853191
50,0.500000,0.400000,3.000000,15,150,48,815,1298,"Strengthened CPLEX MILP heuristic-start",17,17.000000,1,0,0.051373,17,600.000000,1,10,2213.000000,1398.000000,0.865333
50,0.500000,0.400000,3.000000,16,150,49,801,1406,"Strengthened CPLEX MILP heuristic-start",17,17.000000,1,0,0.065649,17,600.000000,1,12,2327.000000,1526.000000,0.781111
50,0.500000,0.400000,3.000000,17,150,50,739,1260,"Strengthened CPLEX MILP heuristic-start",15,15.000000,1,0,0.051681,15,600.000000,1,10,2099.000000,1360.000000,0.840000
50,0.500000,0.400000,3.000000,18,150,49,798,1405,"Strengthened CPLEX MILP heuristic-start",16,16.000000,1,0,0.065671,16,600.000000,1,11,2313.000000,1515.000000,0.851515
50,0.500000,0.400000,3.000000,19,150,50,796,1263,"Strengthened CPLEX MILP heuristic-start",15,15.000000,1,0,0.067429,15,600.000000,1,10,2159.000000,1363.000000,0.842000
50,0.500000,0.400000,3.000000,20,147,49,737,1446,"Strengthened CPLEX MILP heuristic-start",19,19.000000,1,0,0.048154,19,600.000000,1,12,2303.000000,1566.000000,0.819728
50,0.500000,0.400000,3.000000,21,141,50,785,1280,"Strengthened CPLEX MILP heuristic-start",16,16.000000,1,0,0.059216,16,600.000000,1,11,2175.000000,1390.000000,0.825274
50,0.500000,0.400000,3.000000,22,141,49,840,1346,"Strengthened CPLEX MILP heuristic-start",14,14.000000,1,52300,164.437361,14,600.000000,1,12,2306.000000,1466.000000,0.795508
50,0.500000,0.400000,3.000000,23,147,46,790,1213,"Strengthened CPLEX MILP heuristic-start",15,15.000000,1,0,0.069506,15,600.000000,1,10,2103.000000,1313.000000,0.825170
50,0.500000,0.400000,3.000000,24,141,50,830,1166,"Strengthened CPLEX MILP heuristic-start",14,14.000000,1,0,0.068045,14,600.000000,1,10,2096.000000,1266.000000,0.826950
50,0.500000,0.400000,3.000000,25,150,50,717,1442,"Strengthened CPLEX MILP heuristic-start",14,14.000000,1,2297,3.406130,15,600.000000,1,16,2319.000000,1602.000000,0.600833
50,0.500000,0.400000,3.000000,26,147,50,754,1378,"Strengthened CPLEX MILP heuristic-start",14,14.000000,1,0,0.058343,14,600.000000,1,11,2242.000000,1488.000000,0.852195
50,0.500000,0.400000,3.000000,27,150,49,800,1339,"Strengthened CPLEX MILP heuristic-start",15,15.000000,1,0,0.062611,15,600.000000,1,11,2249.000000,1449.000000,0.811515
50,0.500000,0.400000,3.000000,28,150,50,831,1308,"Strengthened CPLEX MILP heuristic-start",16,16.000000,1,1898,3.121957,17,600.000000,1,15,2289.000000,1458.000000,0.581333
50,0.500000,0.400000,3.000000,29,150,50,838,1363,"Strengthened CPLEX MILP heuristic-start",15,15.000000,1,0,0.084115,15,600.000000,1,11,2311.000000,1473.000000,0.826061
50,0.500000,0.400000,3.500000,0,175,48,814,1289,"Strengthened CPLEX MILP heuristic-start",15,15.000000,1,0,0.060733,15,600.000000,1,9,2193.000000,1379.000000,0.818413
50,0.500000,0.400000,3.500000,1,175,47,859,1096,"Strengthened CPLEX MILP heuristic-start",13,13.000000,1,0,0.057822,13,600.000000,1,8,2035.000000,1176.000000,0.782857
50,0.500000,0.400000,3.500000,2,175,49,916,1281,"Strengthened CPLEX MILP heuristic-start",13,13.000000,1,0,0.065930,13,600.000000,1,9,2287.000000,1371.000000,0.813333
50,0.500000,0.400000,3.500000,3,172,49,741,1482,"Strengthened CPLEX MILP heuristic-start",16,16.000000,1,0,0.048509,16,600.000000,1,11,2333.000000,1592.000000,0.783298
50,0.500000,0.400000,3.500000,4,175,49,756,1285,"Strengthened CPLEX MILP heuristic-start",17,17.000000,1,0,0.048676,17,600.000000,1,9,2131.000000,1375.000000,0.815873
50,0.500000,0.400000,3.500000,5,175,49,849,1440,"Strengthened CPLEX MILP heuristic-start",19,19.000000,1,0,0.068254,19,600.000000,1,10,2389.000000,1540.000000,0.822857
50,0.500000,0.400000,3.500000,6,175,49,855,1331,"Strengthened CPLEX MILP heuristic-start",15,15.000000,1,0,0.065293,15,600.000000,1,10,2286.000000,1431.000000,0.760571
50,0.500000,0.400000,3.500000,7,175,49,898,1433,"Strengthened CPLEX MILP heuristic-start",16,16.000000,1,0,0.048853,16,600.000000,1,10,2431.000000,1533.000000,0.818857
50,0.500000,0.400000,3.500000,8,172,50,847,1387,"Strengthened CPLEX MILP heuristic-start",15,15.000000,1,0,0.070188,15,600.000000,1,9,2324.000000,1477.000000,0.895995
50,0.500000,0.400000,3.500000,9,168,50,838,1203,"Strengthened CPLEX MILP heuristic-start",16,16.000000,1,0,0.050409,16,600.000000,1,8,2121.000000,1283.000000,0.895089
50,0.500000,0.400000,3.500000,10,172,49,882,1271,"Strengthened CPLEX MILP heuristic-start",13,13.000000,1,0,0.067246,13,600.000000,1,9,2243.000000,1361.000000,0.821059
50,0.500000,0.400000,3.500000,11,172,49,787,1223,"Strengthened CPLEX MILP heuristic-start",14,14.000000,1,0,0.061745,14,600.000000,1,9,2100.000000,1313.000000,0.790052
50,0.500000,0.400000,3.500000,12,175,48,829,1264,"Strengthened CPLEX MILP heuristic-start",17,17.000000,1,2329,2.371606,18,600.000000,1,14,2233.000000,1404.000000,0.515918
50,0.500000,0.400000,3.500000,13,175,50,794,1225,"Strengthened CPLEX MILP heuristic-start",16,16.000000,1,0,0.052748,16,600.000000,1,8,2099.000000,1305.000000,0.875000
50,0.500000,0.400000,3.500000,14,165,49,742,1203,"Strengthened CPLEX MILP heuristic-start",14,14.000000,1,0,0.058724,14,600.000000,1,10,2045.000000,1303.000000,0.729091
50,0.500000,0.400000,3.500000,15,175,48,815,1298,"Strengthened CPLEX MILP heuristic-start",17,17.000000,1,0,0.053885,17,600.000000,1,9,2203.000000,1388.000000,0.824127
50,0.500000,0.400000,3.500000,16,175,49,801,1406,"Strengthened CPLEX MILP heuristic-start",17,17.000000,1,0,0.069682,17,600.000000,1,10,2307.000000,1506.000000,0.803429
50,0.500000,0.400000,3.500000,17,175,50,739,1260,"Strengthened CPLEX MILP heuristic-start",15,15.000000,1,0,0.054102,15,600.000000,1,9,2089.000000,1350.000000,0.800000
50,0.500000,0.400000,3.500000,18,175,49,798,1405,"Strengthened CPLEX MILP heuristic-start",16,16.000000,1,0,0.069361,16,600.000000,1,10,2303.000000,1505.000000,0.802857
50,0.500000,0.400000,3.500000,19,175,50,796,1263,"Strengthened CPLEX MILP heuristic-start",15,15.000000,1,0,0.068687,15,600.000000,1,9,2149.000000,1353.000000,0.801905
50,0.500000,0.400000,3.500000,20,172,49,737,1446,"Strengthened CPLEX MILP heuristic-start",19,19.000000,1,0,0.050581,19,600.000000,1,10,2283.000000,1546.000000,0.840698
50,0.500000,0.400000,3.500000,21,165,50,785,1280,"Strengthened CPLEX MILP heuristic-start",16,16.000000,1,0,0.062130,16,600.000000,1,10,2165.000000,1380.000000,0.775758
50,0.500000,0.400000,3.500000,22,165,49,840,1346,"Strengthened CPLEX MILP heuristic-start",13,13.000000,1,1000,1.080489,14,600.000000,1,14,2326.000000,1486.000000,0.582684
50,0.500000,0.400000,3.500000,23,172,46,790,1213,"Strengthened CPLEX MILP heuristic-start",15,15.000000,1,0,0.070958,15,600.000000,1,9,2093.000000,1303.000000,0.783592
50,0.500000,0.400000,3.500000,24,165,50,830,1166,"Strengthened CPLEX MILP heuristic-start",13,13.000000,1,2329,2.723701,14,600.000000,1,13,2126.000000,1296.000000,0.543590
50,0.500000,0.400000,3.500000,25,175,50,717,1442,"Strengthened CPLEX MILP heuristic-start",14,14.000000,1,0,0.060013,14,600.000000,1,10,2259.000000,1542.000000,0.824000
50,0.500000,0.400000,3.500000,26,172,50,754,1378,"Strengthened CPLEX MILP heuristic-start",14,14.000000,1,0,0.058762,14,600.000000,1,10,2232.000000,1478.000000,0.801163
50,0.500000,0.400000,3.500000,27,175,49,800,1339,"Strengthened CPLEX MILP heuristic-start",14,14.000000,1,0,0.061394,14,600.000000,1,9,2229.000000,1429.000000,0.850159
50,0.500000,0.400000,3.500000,28,175,50,831,1308,"Strengthened CPLEX MILP heuristic-start",16,16.000000,1,0,0.070373,16,600.000000,1,9,2229.000000,1398.000000,0.830476
50,0.500000,0.400000,3.500000,29,175,50,838,1363,"Strengthened CPLEX MILP heuristic-start",15,15.000000,1,0,0.082144,15,600.000000,1,10,2301.000000,1463.000000,0.778857
50,0.500000,0.400000,4.000000,0,200,48,814,1289,"Strengthened CPLEX MILP heuristic-start",15,15.000000,1,14340,49.951372,15,600.000000,1,9,2193.000000,1379.000000,0.716111
50,0.500000,0.400000,4.000000,1,200,47,859,1096,"Strengthened CPLEX MILP heuristic-start",12,12.000000,1,2309,2.480765,13,600.000000,1,9,2045.000000,1186.000000,0.608889
50,0.500000,0.400000,4.000000,2,200,49,916,1281,"Strengthened CPLEX MILP heuristic-start",13,13.000000,1,0,0.068157,13,600.000000,1,8,2277.000000,1361.000000,0.800625
50,0.500000,0.400000,4.000000,3,196,49,741,1482,"Strengthened CPLEX MILP heuristic-start",16,16.000000,1,0,0.049769,16,600.000000,1,9,2313.000000,1572.000000,0.840136
50,0.500000,0.400000,4.000000,4,200,49,756,1285,"Strengthened CPLEX MILP heuristic-start",17,17.000000,1,0,0.063201,17,600.000000,1,8,2121.000000,1365.000000,0.803125
50,0.500000,0.400000,4.000000,5,200,49,849,1440,"Strengthened CPLEX MILP heuristic-start",19,19.000000,1,0,0.067164,19,600.000000,1,8,2369.000000,1520.000000,0.900000
50,0.500000,0.400000,4.000000,6,200,49,855,1331,"Strengthened CPLEX MILP heuristic-start",15,15.000000,1,0,0.068224,15,600.000000,1,8,2266.000000,1411.000000,0.831875
50,0.500000,0.400000,4.000000,7,200,49,898,1433,"Strengthened CPLEX MILP heuristic-start",15,15.000000,1,1598,1.915860,16,600.000000,1,12,2451.000000,1553.000000,0.597083
50,0.500000,0.400000,4.000000,8,196,50,847,1387,"Strengthened CPLEX MILP heuristic-start",15,15.000000,1,0,0.073365,15,600.000000,1,9,2324.000000,1477.000000,0.786281
50,0.500000,0.400000,4.000000,9,192,50,838,1203,"Strengthened CPLEX MILP heuristic-start",16,16.000000,1,0,0.068560,16,600.000000,1,8,2121.000000,1283.000000,0.783203
50,0.500000,0.400000,4.000000,10,196,49,882,1271,"Strengthened CPLEX MILP heuristic-start",13,13.000000,1,0,0.069090,13,600.000000,1,8,2233.000000,1351.000000,0.810587
50,0.500000,0.400000,4.000000,11,196,49,787,1223,"Strengthened CPLEX MILP heuristic-start",13,13.000000,1,0,0.060092,13,600.000000,1,7,2080.000000,1293.000000,0.891399
50,0.500000,0.400000,4.000000,12,200,48,829,1264,"Strengthened CPLEX MILP heuristic-start",17,17.000000,1,0,0.075425,17,600.000000,1,9,2183.000000,1354.000000,0.702222
50,0.500000,0.400000,4.000000,13,200,50,794,1225,"Strengthened CPLEX MILP heuristic-start",16,16.000000,1,0,0.051026,16,600.000000,1,8,2099.000000,1305.000000,0.765625
50,0.500000,0.400000,4.000000,14,188,49,742,1203,"Strengthened CPLEX MILP heuristic-start",14,14.000000,1,0,0.061117,14,600.000000,1,8,2025.000000,1283.000000,0.799867
50,0.500000,0.400000,4.000000,15,200,48,815,1298,"Strengthened CPLEX MILP heuristic-start",17,17.000000,1,0,0.056848,17,600.000000,1,8,2193.000000,1378.000000,0.811250
50,0.500000,0.400000,4.000000,16,200,49,801,1406,"Strengthened CPLEX MILP heuristic-start",17,17.000000,1,0,0.070333,17,600.000000,1,8,2287.000000,1486.000000,0.878750
50,0.500000,0.400000,4.000000,17,200,50,739,1260,"Strengthened CPLEX MILP heuristic-start",15,15.000000,1,0,0.053883,15,600.000000,1,8,2079.000000,1340.000000,0.787500
50,0.500000,0.400000,4.000000,18,200,49,798,1405,"Strengthened CPLEX MILP heuristic-start",16,16.000000,1,0,0.069011,16,600.000000,1,9,2293.000000,1495.000000,0.780556
50,0.500000,0.400000,4.000000,19,200,50,796,1263,"Strengthened CPLEX MILP heuristic-start",15,15.000000,1,0,0.069375,15,600.000000,1,8,2139.000000,1343.000000,0.789375
50,0.500000,0.400000,4.000000,20,196,49,737,1446,"Strengthened CPLEX MILP heuristic-start",19,19.000000,1,0,0.049593,19,600.000000,1,9,2273.000000,1536.000000,0.819728
50,0.500000,0.400000,4.000000,21,188,50,785,1280,"Strengthened CPLEX MILP heuristic-start",16,16.000000,1,0,0.060447,16,600.000000,1,8,2145.000000,1360.000000,0.851064
50,0.500000,0.400000,4.000000,22,188,49,840,1346,"Strengthened CPLEX MILP heuristic-start",13,13.000000,1,0,0.070371,13,600.000000,1,9,2276.000000,1436.000000,0.795508
50,0.500000,0.400000,4.000000,23,196,46,790,1213,"Strengthened CPLEX MILP heuristic-start",15,15.000000,1,0,0.070463,15,600.000000,1,8,2083.000000,1293.000000,0.773597
50,0.500000,0.400000,4.000000,24,188,50,830,1166,"Strengthened CPLEX MILP heuristic-start",13,13.000000,1,0,0.072825,13,600.000000,1,7,2066.000000,1236.000000,0.886018
50,0.500000,0.400000,4.000000,25,200,50,717,1442,"Strengthened CPLEX MILP heuristic-start",14,14.000000,1,0,0.059702,14,600.000000,1,9,2249.000000,1532.000000,0.801111
50,0.500000,0.400000,4.000000,26,196,50,754,1378,"Strengthened CPLEX MILP heuristic-start",14,14.000000,1,0,0.062056,14,600.000000,1,9,2222.000000,1468.000000,0.781179
50,0.500000,0.400000,4.000000,27,200,49,800,1339,"Strengthened CPLEX MILP heuristic-start",14,14.000000,1,0,0.062829,14,600.000000,1,8,2219.000000,1419.000000,0.836875
50,0.500000,0.400000,4.000000,28,200,50,831,1308,"Strengthened CPLEX MILP heuristic-start",16,16.000000,1,0,0.070850,16,600.000000,1,8,2219.000000,1388.000000,0.817500
50,0.500000,0.400000,4.000000,29,200,50,838,1363,"Strengthened CPLEX MILP heuristic-start",14,14.000000,1,1069,1.081009,15,600.000000,1,10,2301.000000,1463.000000,0.681500
50,0.500000,0.400000,4.500000,0,225,48,814,1289,"Strengthened CPLEX MILP heuristic-start",14,14.000000,1,37243,33.650846,15,600.000000,1,10,2203.000000,1389.000000,0.572889
50,0.500000,0.400000,4.500000,1,225,47,859,1096,"Strengthened CPLEX MILP heuristic-start",12,12.000000,1,0,0.056243,12,600.000000,1,6,2015.000000,1156.000000,0.811852
50,0.500000,0.400000,4.500000,2,225,49,916,1281,"Strengthened CPLEX MILP heuristic-start",13,13.000000,1,0,0.069344,13,600.000000,1,7,2267.000000,1351.000000,0.813333
50,0.500000,0.400000,4.500000,3,221,49,741,1482,"Strengthened CPLEX MILP heuristic-start",15,15.000000,1,2760,3.177767,16,600.000000,1,13,2353.000000,1612.000000,0.515837
50,0.500000,0.400000,4.500000,4,225,49,756,1285,"Strengthened CPLEX MILP heuristic-start",17,17.000000,1,0,0.066443,17,600.000000,1,7,2111.000000,1355.000000,0.815873
50,0.500000,0.400000,4.500000,5,225,49,849,1440,"Strengthened CPLEX MILP heuristic-start",19,19.000000,1,0,0.069964,19,600.000000,1,8,2369.000000,1520.000000,0.800000
50,0.500000,0.400000,4.500000,6,225,49,855,1331,"Strengthened CPLEX MILP heuristic-start",15,15.000000,1,0,0.068781,15,600.000000,1,8,2266.000000,1411.000000,0.739444
50,0.500000,0.400000,4.500000,7,225,49,898,1433,"Strengthened CPLEX MILP heuristic-start",15,15.000000,1,1594,1.560863,16,600.000000,1,12,2451.000000,1553.000000,0.530741
50,0.500000,0.400000,4.500000,8,221,50,847,1387,"Strengthened CPLEX MILP heuristic-start",14,14.000000,1,0,0.073555,14,600.000000,1,7,2304.000000,1457.000000,0.896574
50,0.500000,0.400000,4.500000,9,216,50,838,1203,"Strengthened CPLEX MILP heuristic-start",16,16.000000,1,2087,2.929851,16,600.000000,1,7,2111.000000,1273.000000,0.795635
50,0.500000,0.400000,4.500000,10,221,49,882,1271,"Strengthened CPLEX MILP heuristic-start",13,13.000000,1,0,0.070334,13,600.000000,1,7,2223.000000,1341.000000,0.821590
50,0.500000,0.400000,4.500000,11,221,49,787,1223,"Strengthened CPLEX MILP heuristic-start",13,13.000000,1,0,0.060805,13,600.000000,1,7,2080.000000,1293.000000,0.790562
50,0.500000,0.400000,4.500000,12,225,48,829,1264,"Strengthened CPLEX MILP heuristic-start",17,17.000000,1,0,0.074843,17,600.000000,1,8,2173.000000,1344.000000,0.702222
50,0.500000,0.400000,4.500000,13,225,50,794,1225,"Strengthened CPLEX MILP heuristic-start",16,16.000000,1,0,0.053471,16,600.000000,1,6,2079.000000,1285.000000,0.907407
50,0.500000,0.400000,4.500000,14,212,49,742,1203,"Strengthened CPLEX MILP heuristic-start",14,14.000000,1,0,0.061464,14,600.000000,1,8,2025.000000,1283.000000,0.709316
50,0.500000,0.400000,4.500000,15,225,48,815,1298,"Strengthened CPLEX MILP heuristic-start",17,17.000000,1,0,0.070134,17,600.000000,1,7,2183.000000,1368.000000,0.824127
50,0.500000,0.400000,4.500000,16,225,49,801,1406,"Strengthened CPLEX MILP heuristic-start",17,17.000000,1,0,0.072215,17,600.000000,1,8,2287.000000,1486.000000,0.781111
50,0.500000,0.400000,4.500000,17,225,50,739,1260,"Strengthened CPLEX MILP heuristic-start",15,15.000000,1,0,0.054372,15,600.000000,1,6,2059.000000,1320.000000,0.933333
50,0.500000,0.400000,4.500000,18,225,49,798,1405,"Strengthened CPLEX MILP heuristic-start",16,16.000000,1,0,0.069463,16,600.000000,1,8,2283.000000,1485.000000,0.780556
50,0.500000,0.400000,4.500000,19,225,50,796,1263,"Strengthened CPLEX MILP heuristic-start",14,14.000000,1,1688,2.401578,15,600.000000,1,8,2139.000000,1343.000000,0.701667
50,0.500000,0.400000,4.500000,20,221,49,737,1446,"Strengthened CPLEX MILP heuristic-start",19,19.000000,1,0,0.049487,19,600.000000,1,8,2263.000000,1526.000000,0.817873
50,0.500000,0.400000,4.500000,21,212,50,785,1280,"Strengthened CPLEX MILP heuristic-start",16,16.000000,1,0,0.059591,16,600.000000,1,8,2145.000000,1360.000000,0.754717
50,0.500000,0.400000,4.500000,22,212,49,840,1346,"Strengthened CPLEX MILP heuristic-start",13,13.000000,1,0,0.070929,13,600.000000,1,8,2266.000000,1426.000000,0.793632
50,0.500000,0.400000,4.500000,23,221,46,790,1213,"Strengthened CPLEX MILP heuristic-start",15,15.000000,1,0,0.071491,15,600.000000,1,7,2073.000000,1283.000000,0.784098
50,0.500000,0.400000,4.500000,24,212,50,830,1166,"Strengthened CPLEX MILP heuristic-start",13,13.000000,1,0,0.075283,13,600.000000,1,7,2066.000000,1236.000000,0.785714
50,0.500000,0.400000,4.500000,25,225,50,717,1442,"Strengthened CPLEX MILP heuristic-start",14,14.000000,1,0,0.058734,14,600.000000,1,8,2239.000000,1522.000000,0.801111
50,0.500000,0.400000,4.500000,26,221,50,754,1378,"Strengthened CPLEX MILP heuristic-start",14,14.000000,1,0,0.057193,14,600.000000,1,8,2212.000000,1458.000000,0.779412
50,0.500000,0.400000,4.500000,27,225,49,800,1339,"Strengthened CPLEX MILP heuristic-start",14,14.000000,1,0,0.059191,14,600.000000,1,7,2209.000000,1409.000000,0.850159
50,0.500000,0.400000,4.500000,28,225,50,831,1308,"Strengthened CPLEX MILP heuristic-start",16,16.000000,1,0,0.069383,16,600.000000,1,7,2209.000000,1378.000000,0.830476
50,0.500000,0.400000,4.500000,29,225,50,838,1363,"Strengthened CPLEX MILP heuristic-start",14,14.000000,1,0,0.083201,14,600.000000,1,7,2271.000000,1433.000000,0.865397
50,0.500000,0.400000,5.000000,0,250,48,814,1289,"Strengthened CPLEX MILP heuristic-start",14,14.000000,1,1683,3.220377,15,600.000000,1,17,2273.000000,1459.000000,0.303294
50,0.500000,0.400000,5.000000,1,250,47,859,1096,"Strengthened CPLEX MILP heuristic-start",12,12.000000,1,0,0.059113,12,600.000000,1,6,2015.000000,1156.000000,0.730667
50,0.500000,0.400000,5.000000,2,250,49,916,1281,"Strengthened CPLEX MILP heuristic-start",13,13.000000,1,0,0.069289,13,600.000000,1,6,2257.000000,1341.000000,0.854000
50,0.500000,0.400000,5.000000,3,245,49,741,1482,"Strengthened CPLEX MILP heuristic-start",15,15.000000,1,0,0.049789,15,600.000000,1,7,2293.000000,1552.000000,0.864140
50,0.500000,0.400000,5.000000,4,250,49,756,1285,"Strengthened CPLEX MILP heuristic-start",17,17.000000,1,0,0.064520,17,600.000000,1,6,2101.000000,1345.000000,0.856667
50,0.500000,0.400000,5.000000,5,250,49,849,1440,"Strengthened CPLEX MILP heuristic-start",18,18.000000,1,534,0.615108,19,600.000000,1,10,2389.000000,1540.000000,0.576000
50,0.500000,0.400000,5.000000,6,250,49,855,1331,"Strengthened CPLEX MILP heuristic-start",14,14.000000,1,557,0.740637,15,600.000000,1,10,2286.000000,1431.000000,0.532400
50,0.500000,0.400000,5.000000,7,250,49,898,1433,"Strengthened CPLEX MILP heuristic-start",15,15.000000,1,0,0.051254,15,600.000000,1,7,2401.000000,1503.000000,0.818857
50,0.500000,0.400000,5.000000,8,245,50,847,1387,"Strengthened CPLEX MILP heuristic-start",14,14.000000,1,0,0.073680,14,600.000000,1,7,2304.000000,1457.000000,0.808746
50,0.500000,0.400000,5.000000,9,240,50,838,1203,"Strengthened CPLEX MILP heuristic-start",16,16.000000,1,5809,7.828180,16,600.000000,1,7,2111.000000,1273.000000,0.716071
50,0.500000,0.400000,5.000000,10,245,49,882,1271,"Strengthened CPLEX MILP heuristic-start",13,13.000000,1,0,0.074414,13,600.000000,1,7,2223.000000,1341.000000,0.741108
50,0.500000,0.400000,5.000000,11,245,49,787,1223,"Strengthened CPLEX MILP heuristic-start",13,13.000000,1,0,0.058236,13,600.000000,1,7,2080.000000,1293.000000,0.713120
50,0.500000,0.400000,5.000000,12,250,48,829,1264,"Strengthened CPLEX MILP heuristic-start",17,17.000000,1,0,0.076238,17,600.000000,1,8,2173.000000,1344.000000,0.632000
50,0.500000,0.400000,5.000000,13,250,50,794,1225,"Strengthened CPLEX MILP heuristic-start",16,16.000000,1,0,0.055132,16,600.000000,1,6,2079.000000,1285.000000,0.816667
50,0.500000,0.400000,5.000000,14,235,49,742,1203,"Strengthened CPLEX MILP heuristic-start",14,14.000000,1,0,0.057947,14,600.000000,1,6,2005.000000,1263.000000,0.853191
50,0.500000,0.400000,5.000000,15,250,48,815,1298,"Strengthened CPLEX MILP heuristic-start",17,17.000000,1,0,0.070119,17,600.000000,1,6,2173.000000,1358.000000,0.865333
50,0.500000,0.400000,5.000000,16,250,49,801,1406,"Strengthened CPLEX MILP heuristic-start",16,16.000000,1,2860,2.594802,17,600.000000,1,16,2367.000000,1566.000000,0.351500
50,0.500000,0.400000,5.000000,17,250,50,739,1260,"Strengthened CPLEX MILP heuristic-start",15,15.000000,1,0,0.054093,15,600.000000,1,6,2059.000000,1320.000000,0.840000
50,0.500000,0.400000,5.000000,18,250,49,798,1405,"Strengthened CPLEX MILP heuristic-start",16,16.000000,1,0,0.072879,16,600.000000,1,7,2273.000000,1475.000000,0.802857
50,0.500000,0.400000,5.000000,19,250,50,796,1263,"Strengthened CPLEX MILP heuristic-start",14,14.000000,1,1595,1.289551,15,600.000000,1,9,2149.000000,1353.000000,0.561333
50,0.500000,0.400000,5.000000,20,245,49,737,1446,"Strengthened CPLEX MILP heuristic-start",18,18.000000,1,0,0.052733,18,600.000000,1,7,2253.000000,1516.000000,0.843149
50,0.500000,0.400000,5.000000,21,235,50,785,1280,"Strengthened CPLEX MILP heuristic-start",16,16.000000,1,0,0.059647,16,600.000000,1,6,2125.000000,1340.000000,0.907801
50,0.500000,0.400000,5.000000,22,235,49,840,1346,"Strengthened CPLEX MILP heuristic-start",13,13.000000,1,0,0.071286,13,600.000000,1,8,2266.000000,1426.000000,0.715957
50,0.500000,0.400000,5.000000,23,245,46,790,1213,"Strengthened CPLEX MILP heuristic-start",15,15.000000,1,0,0.073705,15,600.000000,1,6,2063.000000,1273.000000,0.825170
50,0.500000,0.400000,5.000000,24,235,50,830,1166,"Strengthened CPLEX MILP heuristic-start",13,13.000000,1,0,0.073662,13,600.000000,1,6,2056.000000,1226.000000,0.826950
50,0.500000,0.400000,5.000000,25,250,50,717,1442,"Strengthened CPLEX MILP heuristic-start",14,14.000000,1,0,0.058485,14,600.000000,1,7,2229.000000,1512.000000,0.824000
50,0.500000,0.400000,5.000000,26,245,50,754,1378,"Strengthened CPLEX MILP heuristic-start",14,14.000000,1,0,0.058709,14,600.000000,1,7,2202.000000,1448.000000,0.803499
50,0.500000,0.400000,5.000000,27,250,49,800,1339,"Strengthened CPLEX MILP heuristic-start",14,14.000000,1,0,0.061489,14,600.000000,1,7,2209.000000,1409.000000,0.765143
50,0.500000,0.400000,5.000000,28,250,50,831,1308,"Strengthened CPLEX MILP heuristic-start",16,16.000000,1,0,0.071169,16,600.000000,1,6,2199.000000,1368.000000,0.872000
50,0.500000,0.400000,5.000000,29,250,50,838,1363,"Strengthened CPLEX MILP heuristic-start",14,14.000000,1,0,0.083330,14,600.000000,1,7,2271.000000,1433.000000,0.778857
50,0.500000,0.400000,5.500000,0,275,48,814,1289,"Strengthened CPLEX MILP heuristic-start",14,14.000000,1,2105,1.149967,15,600.000000,1,8,2183.000000,1369.000000,0.585909
50,0.500000,0.400000,5.500000,1,275,47,859,1096,"Strengthened CPLEX MILP heuristic-start",12,12.000000,1,0,0.056256,12,600.000000,1,5,2005.000000,1146.000000,0.797091
50,0.500000,0.400000,5.500000,2,275,49,916,1281,"Strengthened CPLEX MILP heuristic-start",13,13.000000,1,0,0.066264,13,600.000000,1,6,2257.000000,1341.000000,0.776364
50,0.500000,0.400000,5.500000,3,270,49,741,1482,"Strengthened CPLEX MILP heuristic-start",15,15.000000,1,0,0.070889,15,600.000000,1,7,2293.000000,1552.000000,0.784127
50,0.500000,0.400000,5.500000,4,275,49,756,1285,"Strengthened CPLEX MILP heuristic-start",17,17.000000,1,0,0.065707,17,600.000000,1,6,2101.000000,1345.000000,0.778788
50,0.500000,0.400000,5.500000,5,275,49,849,1440,"Strengthened CPLEX MILP heuristic-start",18,18.000000,1,0,0.071349,18,600.000000,1,6,2349.000000,1500.000000,0.872727
50,0.500000,0.400000,5.500000,6,275,49,855,1331,"Strengthened CPLEX MILP heuristic-start",14,14.000000,1,0,0.146148,15,600.000000,1,8,2266.000000,1411.000000,0.605000
50,0.500000,0.400000,5.500000,7,275,49,898,1433,"Strengthened CPLEX MILP heuristic-start",15,15.000000,1,0,0.072019,15,600.000000,1,6,2391.000000,1493.000000,0.868485
50,0.500000,0.400000,5.500000,8,270,50,847,1387,"Strengthened CPLEX MILP heuristic-start",14,14.000000,1,0,0.073622,14,600.000000,1,7,2304.000000,1457.000000,0.733862
50,0.500000,0.400000,5.500000,9,264,50,838,1203,"Strengthened CPLEX MILP heuristic-start",16,16.000000,1,39422,32.080232,16,600.000000,1,6,2101.000000,1263.000000,0.759470
50,0.500000,0.400000,5.500000,10,270,49,882,1271,"Strengthened CPLEX MILP heuristic-start",13,13.000000,1,0,0.074053,13,600.000000,1,6,2213.000000,1331.000000,0.784568
50,0.500000,0.400000,5.500000,11,270,49,787,1223,"Strengthened CPLEX MILP heuristic-start",13,13.000000,1,0,0.060571,13,600.000000,1,6,2070.000000,1283.000000,0.754938
50,0.500000,0.400000,5.500000,12,275,48,829,1264,"Strengthened CPLEX MILP heuristic-start",17,17.000000,1,0,0.073660,17,600.000000,1,6,2153.000000,1324.000000,0.766061
50,0.500000,0.400000,5.500000,13,275,50,794,1225,"Strengthened CPLEX MILP heuristic-start",16,16.000000,1,0,0.054181,16,600.000000,1,6,2079.000000,1285.000000,0.742424
50,0.500000,0.400000,5.500000,14,259,49,742,1203,"Strengthened CPLEX MILP heuristic-start",14,14.000000,1,0,0.057606,14,600.000000,1,6,2005.000000,1263.000000,0.774131
50,0.500000,0.400000,5.500000,15,275,48,815,1298,"Strengthened CPLEX MILP heuristic-start",17,17.000000,1,0,0.070257,17,600.000000,1,6,2173.000000,1358.000000,0.786667
50,0.500000,0.400000,5.500000,16,275,49,801,1406,"Strengthened CPLEX MILP heuristic-start",16,16.000000,1,0,0.073508,16,600.000000,1,6,2267.000000,1466.000000,0.852121
50,0.500000,0.400000,5.500000,17,275,50,739,1260,"Strengthened CPLEX MILP heuristic-start",15,15.000000,1,0,0.054953,15,600.000000,1,6,2059.000000,1320.000000,0.763636
50,0.500000,0.400000,5.500000,18,275,49,798,1405,"Strengthened CPLEX MILP heuristic-start",16,16.000000,1,2833,3.766529,16,600.000000,1,7,2273.000000,1475.000000,0.729870
50,0.500000,0.400000,5.500000,19,275,50,796,1263,"Strengthened CPLEX MILP heuristic-start",14,14.000000,1,0,0.073748,14,600.000000,1,6,2119.000000,1323.000000,0.765455
50,0.500000,0.400000,5.500000,20,270,49,737,1446,"Strengthened CPLEX MILP heuristic-start",18,18.000000,1,0,0.053193,18,600.000000,1,6,2243.000000,1506.000000,0.892593
50,0.500000,0.400000,5.500000,21,259,50,785,1280,"Strengthened CPLEX MILP heuristic-start",16,16.000000,1,0,0.059857,16,600.000000,1,6,2125.000000,1340.000000,0.823681
50,0.500000,0.400000,5.500000,22,259,49,840,1346,"Strengthened CPLEX MILP heuristic-start",13,13.000000,1,0,0.070270,13,600.000000,1,7,2256.000000,1416.000000,0.742416
50,0.500000,0.400000,5.500000,23,270,46,790,1213,"Strengthened CPLEX MILP heuristic-start",15,15.000000,1,0,0.073283,15,600.000000,1,6,2063.000000,1273.000000,0.748765
50,0.500000,0.400000,5.500000,24,259,50,830,1166,"Strengthened CPLEX MILP heuristic-start",13,13.000000,1,0,0.071989,13,600.000000,1,6,2056.000000,1226.000000,0.750322
50,0.500000,0.400000,5.500000,25,275,50,717,1442,"Strengthened CPLEX MILP heuristic-start",14,14.000000,1,0,0.058106,14,600.000000,1,7,2229.000000,1512.000000,0.749091
50,0.500000,0.400000,5.500000,26,270,50,754,1378,"Strengthened CPLEX MILP heuristic-start",14,14.000000,1,0,0.058639,14,600.000000,1,7,2202.000000,1448.000000,0.729101
50,0.500000,0.400000,5.500000,27,275,49,800,1339,"Strengthened CPLEX MILP heuristic-start",14,14.000000,1,0,0.057895,14,600.000000,1,6,2199.000000,1399.000000,0.811515
50,0.500000,0.400000,5.500000,28,275,50,831,1308,"Strengthened CPLEX MILP heuristic-start",16,16.000000,1,0,0.072677,16,600.000000,1,6,2199.000000,1368.000000,0.792727
50,0.500000,0.400000,5.500000,29,275,50,838,1363,"Strengthened CPLEX MILP heuristic-start",14,14.000000,1,0,0.084959,14,600.000000,1,6,2261.000000,1423.000000,0.826061
50,0.500000,0.400000,6.000000,0,300,48,814,1289,"Strengthened CPLEX MILP heuristic-start",14,14.000000,1,440,0.647130,15,600.000000,1,11,2213.000000,1399.000000,0.390606
50,0.500000,0.400000,6.000000,1,300,47,859,1096,"Strengthened CPLEX MILP heuristic-start",12,12.000000,1,0,0.059449,12,600.000000,1,5,2005.000000,1146.000000,0.730667
50,0.500000,0.400000,6.000000,2,300,49,916,1281,"Strengthened CPLEX MILP heuristic-start",13,13.000000,1,0,0.071431,13,600.000000,1,5,2247.000000,1331.000000,0.854000
50,0.500000,0.400000,6.000000,3,294,49,741,1482,"Strengthened CPLEX MILP heuristic-start",15,15.000000,1,0,0.074130,15,600.000000,1,7,2293.000000,1552.000000,0.720117
50,0.500000,0.400000,6.000000,4,300,49,756,1285,"Strengthened CPLEX MILP heuristic-start",17,17.000000,1,0,0.066290,17,600.000000,1,6,2101.000000,1345.000000,0.713889
50,0.500000,0.400000,6.000000,5,300,49,849,1440,"Strengthened CPLEX MILP heuristic-start",18,18.000000,1,0,0.077167,18,600.000000,1,6,2349.000000,1500.000000,0.800000
50,0.500000,0.400000,6.000000,6,300,49,855,1331,"Strengthened CPLEX MILP heuristic-start",14,14.000000,1,1596,2.523563,15,600.000000,1,11,2296.000000,1441.000000,0.403333
50,0.500000,0.400000,6.000000,7,300,49,898,1433,"Strengthened CPLEX MILP heuristic-start",15,15.000000,1,0,0.069256,15,600.000000,1,6,2391.000000,1493.000000,0.796111
50,0.500000,0.400000,6.000000,8,294,50,847,1387,"Strengthened CPLEX MILP heuristic-start",14,14.000000,1,0,0.081261,14,600.000000,1,5,2284.000000,1437.000000,0.943537
50,0.500000,0.400000,6.000000,9,288,50,838,1203,"Strengthened CPLEX MILP heuristic-start",15,15.000000,1,1801,3.684283,16,600.000000,1,11,2151.000000,1313.000000,0.379735
50,0.500000,0.400000,6.000000,10,294,49,882,1271,"Strengthened CPLEX MILP heuristic-start",13,13.000000,1,0,0.074269,13,600.000000,1,5,2203.000000,1321.000000,0.864626
50,0.500000,0.400000,6.000000,11,294,49,787,1223,"Strengthened CPLEX MILP heuristic-start",13,13.000000,1,0,0.055727,13,600.000000,1,5,2060.000000,1273.000000,0.831973
50,0.500000,0.400000,6.000000,12,300,48,829,1264,"Strengthened CPLEX MILP heuristic-start",17,17.000000,1,0,0.076572,17,600.000000,1,5,2143.000000,1314.000000,0.842667
50,0.500000,0.400000,6.000000,13,300,50,794,1225,"Strengthened CPLEX MILP heuristic-start",16,16.000000,1,0,0.053275,16,600.000000,1,5,2069.000000,1275.000000,0.816667
50,0.500000,0.400000,6.000000,14,282,49,742,1203,"Strengthened CPLEX MILP heuristic-start",14,14.000000,1,0,0.060030,14,600.000000,1,5,1995.000000,1253.000000,0.853191
50,0.500000,0.400000,6.000000,15,300,48,815,1298,"Strengthened CPLEX MILP heuristic-start",17,17.000000,1,0,0.071185,17,600.000000,1,6,2173.000000,1358.000000,0.721111
50,0.500000,0.400000,6.000000,16,300,49,801,1406,"Strengthened CPLEX MILP heuristic-start",16,16.000000,1,0,0.072552,16,600.000000,1,6,2267.000000,1466.000000,0.781111
50,0.500000,0.400000,6.000000,17,300,50,739,1260,"Strengthened CPLEX MILP heuristic-start",15,15.000000,1,0,0.053933,15,600.000000,1,6,2059.000000,1320.000000,0.700000
50,0.500000,0.400000,6.000000,18,300,49,798,1405,"Strengthened CPLEX MILP heuristic-start",15,15.000000,1,1594,2.427830,16,600.000000,1,8,2283.000000,1485.000000,0.585417
50,0.500000,0.400000,6.000000,19,300,50,796,1263,"Strengthened CPLEX MILP heuristic-start",14,14.000000,1,0,0.071505,14,600.000000,1,6,2119.000000,1323.000000,0.701667
50,0.500000,0.400000,6.000000,20,294,49,737,1446,"Strengthened CPLEX MILP heuristic-start",18,18.000000,1,0,0.051579,18,600.000000,1,6,2243.000000,1506.000000,0.819728
50,0.500000,0.400000,6.000000,21,282,50,785,1280,"Strengthened CPLEX MILP heuristic-start",16,16.000000,1,0,0.056223,16,600.000000,1,6,2125.000000,1340.000000,0.756501
50,0.500000,0.400000,6.000000,22,282,49,840,1346,"Strengthened CPLEX MILP heuristic-start",13,13.000000,1,0,0.071927,13,600.000000,1,6,2246.000000,1406.000000,0.795508
50,0.500000,0.400000,6.000000,23,294,46,790,1213,"Strengthened CPLEX MILP heuristic-start",15,15.000000,1,0,0.076668,15,600.000000,1,5,2053.000000,1263.000000,0.825170
50,0.500000,0.400000,6.000000,24,282,50,830,1166,"Strengthened CPLEX MILP heuristic-start",13,13.000000,1,0,0.072668,13,600.000000,1,5,2046.000000,1216.000000,0.826950
50,0.500000,0.400000,6.000000,25,300,50,717,1442,"Strengthened CPLEX MILP heuristic-start",14,14.000000,1,0,0.059393,14,600.000000,1,7,2229.000000,1512.000000,0.686667
50,0.500000,0.400000,6.000000,26,294,50,754,1378,"Strengthened CPLEX MILP heuristic-start",14,14.000000,1,0,0.058148,14,600.000000,1,7,2202.000000,1448.000000,0.669582
50,0.500000,0.400000,6.000000,27,300,49,800,1339,"Strengthened CPLEX MILP heuristic-start",14,14.000000,1,0,0.059796,14,600.000000,1,5,2189.000000,1389.000000,0.892667
50,0.500000,0.400000,6.000000,28,300,50,831,1308,"Strengthened CPLEX MILP heuristic-start",16,16.000000,1,0,0.075686,16,600.000000,1,6,2199.000000,1368.000000,0.726667
50,0.500000,0.400000,6.000000,29,300,50,838,1363,"Strengthened CPLEX MILP heuristic-start",14,14.000000,1,0,0.083582,14,600.000000,1,6,2261.000000,1423.000000,0.757222
